rank,ID,Full Name,NOC,DScore,EScore,Penalty,TotalScore,E_Penalty,event
1.0,209,WHITLOCK Max,GBR,6.7,8.266,,14.966,8.265999999999998,ph
2.0,157,XIAO Ruoteng,CHN,6.1,8.533,,14.633,8.533,ph
3.0,277,KURBANOV Nariman,KAZ,6.2,8.266,,14.466,8.265999999999998,ph
4.0,204,TOMMASONE Cyril,FRA,6.1,8.141,,14.241,8.141,ph
5.0,378,MIKULAK Samuel,USA,6.0,8.133,,14.133,8.133,ph
6.0,334,NAGORNYY Nikita,RUS,5.9,8.1,,14,8.1,ph
7.0,330,BELYAVSKIY David,RUS,6.2,7.8,,14,7.8,ph
8.0,359,LEE Chih Kai,TPE,5.7,8.0,,13.7,7.999999999999999,ph
9.0,346,HEGI Oliver,SUI,5.3,8.2,,13.5,8.2,ph
10.0,284,PARK Minsoo,KOR,5.4,8.1,,13.5,8.1,ph
11.0,140,BARRETTO JUNIOR Francisco,BRA,5.6,7.9,,13.5,7.9,ph
12.0,156,SUN Wei,CHN,5.6,7.841,,13.441,7.841000000000001,ph
13.0,349,MICHNAK Slavomir,SVK,6.0,7.332999999999999,,13.333,7.333,ph
14.0,116,REMKES Christopher,AUS,5.9,7.132999999999999,,13.033,7.132999999999999,ph
15.0,208,HALL James,GBR,6.0,7.0329999999999995,,13.033,7.0329999999999995,ph
16.0,258,MACCHINI Carlo,ITA,5.3,7.7,,13,7.7,ph
17.0,170,UDE Filip,CRO,6.2,6.8,,13,6.8,ph
18.0,274,AZIZOV Ilyas,KAZ,5.4,7.566,,12.966,7.565999999999999,ph
18.0,344,BRAEGGER Pablo,SUI,5.4,7.566,,12.966,7.565999999999999,ph
20.0,269,SHIRAI Kenzo,JPN,5.5,7.466,,12.966,7.465999999999999,ph
21.0,273,UCHIMURA Kohei,JPN,6.0,6.966,,12.966,6.965999999999999,ph
22.0,332,KUKSENKOV Nikolai,RUS,6.4,6.566,,12.966,6.565999999999999,ph
23.0,373,PAKHNIUK Petro,UKR,6.2,6.733,,12.933,6.733,ph
24.0,371,HRYKO Vladyslav,UKR,5.6,7.3,,12.9,7.300000000000001,ph
25.0,241,STEELE Adam,IRL,5.0,7.8660000000000005,,12.866,7.866,ph
26.0,278,MUSSAYEV Akim,KAZ,5.2,7.666,,12.866,7.6659999999999995,ph
27.0,155,LIN Chaopan,CHN,5.6,7.266,,12.866,7.266,ph
28.0,194,KANERVA Juho,FIN,5.4,7.316,,12.716,7.315999999999999,ph
29.0,281,LEE Hyeokjung,KOR,5.5,7.2,,12.7,7.199999999999999,ph
30.0,382,YODER Alec,USA,6.3,6.4,,12.7,6.3999999999999995,ph
31.0,310,OCONNELL-INNS Jorden,NZL,5.5,7.191,,12.691,7.191000000000001,ph
32.0,129,GENTGES Maxime,BEL,5.8,6.858,,12.658,6.858,ph
33.0,343,BAUMANN Christian,SUI,5.5,7.132999999999999,,12.633,7.132999999999999,ph
34.0,296,DEURLOO Bart,NED,5.3,7.3,,12.6,7.3,ph
35.0,297,LOUWIJE Bram,NED,5.4,7.2,,12.6,7.199999999999999,ph
36.0,205,BEVAN Brinn,GBR,5.5,7.1,,12.6,7.1,ph
37.0,337,BERTONCELJ Saso,SLO,5.6,7.0,,12.6,7.0,ph
38.0,358,HSU Ping Chien,TPE,5.7,6.8660000000000005,,12.566,6.8660000000000005,ph
39.0,136,LIKHOVITSKIY Andrey,BLR,5.9,6.632999999999999,,12.533,6.632999999999999,ph
40.0,173,GEORGIOU Marios,CYP,5.6,6.832999999999999,,12.433,6.833,ph
41.0,268,KAYA Kazuma,JPN,6.4,6.025,,12.425,6.025,ph
42.0,259,RUSSO Andrea,ITA,4.6,7.8,,12.4,7.800000000000001,ph
43.0,187,ABAD Nestor,ESP,5.1,7.3,,12.4,7.300000000000001,ph
44.0,168,SELIGMAN Robert,CRO,5.2,7.2,,12.4,7.2,ph
45.0,159,ZOU Jingyuan,CHN,5.2,7.166,,12.366,7.1659999999999995,ph
46.0,301,HEGGEMSNES Sofus,NOR,5.3,7.066,,12.366,7.066,ph
47.0,299,SCHMIDT Casimir,NED,5.2,7.132999999999999,,12.333,7.133,ph
48.0,143,MARIANO Arthur,BRA,4.8,7.5,,12.3,7.500000000000001,ph
49.0,236,VECSERNYES David,HUN,5.3,6.966,,12.266,6.966,ph
50.0,385,AZIMOV Abdulla,UZB,6.1,6.166,,12.266,6.166,ph
51.0,218,HERDER Philipp,GER,5.3,6.9,,12.2,6.8999999999999995,ph
52.0,313,YULO Carlos Edriel,PHI,4.7,7.466,,12.166,7.466,ph
53.0,174,GEORGIOU Ilias,CYP,4.4,7.733,,12.133,7.732999999999999,ph
54.0,389,DINH Phuong Thanh,VIE,4.9,7.233,,12.133,7.232999999999999,ph
55.0,305,WIBYE Harald,NOR,4.1,8.0,,12.1,8.0,ph
56.0,134,VROLIX Jonathan,BEL,4.7,7.3660000000000005,,12.066,7.3660000000000005,ph
57.0,221,TOBA Andreas,GER,5.8,6.233,,12.033,6.233,ph
58.0,110,MERDINYAN Harutyun,ARM,6.0,6.0329999999999995,,12.033,6.0329999999999995,ph
59.0,360,SHIAO Yu-Jan,TPE,5.1,6.9,,12,6.9,ph
60.0,379,MODI Akash,USA,5.7,6.3,,12,6.3,ph
61.0,369,ONDER Ahmet,TUR,5.8,6.2,,12,6.2,ph
62.0,207,FRASER Joe,GBR,5.6,6.382999999999999,,11.983,6.383000000000001,ph
63.0,366,ARICAN Ferhat,TUR,5.8,6.166,,11.966,6.1659999999999995,ph
64.0,180,SLIZ Radomir,CZE,4.0,7.933,,11.933,7.933,ph
65.0,126,MOROZOV Dariy,AZE,5.8,6.132999999999999,,11.933,6.133,ph
66.0,188,DIALLO Thierno,ESP,5.1,6.825,,11.925,6.825000000000001,ph
67.0,250,KORCHAK Ilan,ISR,4.5,7.4,,11.9,7.4,ph
68.0,345,GISCHARD Benjamin,SUI,5.6,6.3,,11.9,6.300000000000001,ph
69.0,179,RADOVESNICKY Daniel,CZE,4.0,7.8660000000000005,,11.866,7.866,ph
70.0,216,DAUSER Lukas,GER,5.7,6.108,,11.808,6.108,ph
71.0,353,RUMBUTIS David,SWE,4.6,7.2,,11.8,7.200000000000001,ph
72.0,331,DALALOYAN Artur,RUS,5.2,6.566,,11.766,6.566,ph
73.0,249,DOLGOPYAT Artem,ISR,5.5,6.2410000000000005,,11.741,6.241,ph
74.0,196,KOSKI Elias,FIN,4.6,7.132999999999999,,11.733,7.133000000000001,ph
75.0,193,CARD Franz,FIN,3.5,8.133,,11.633,8.133,ph
76.0,199,BORELLO Antoine,FRA,4.6,7.0329999999999995,,11.633,7.0329999999999995,ph
77.0,303,SKJERAHAUG Stian,NOR,4.9,6.733,,11.633,6.732999999999999,ph
77.0,383,ABDURAKHIMOV Rasuljon,UZB,4.9,6.733,,11.633,6.732999999999999,ph
79.0,256,EDALLI Ludovico,ITA,5.4,6.233,,11.633,6.232999999999999,ph
80.0,324,BATAGA Cristian Ioan,ROU,6.3,5.332999999999999,,11.633,5.332999999999999,ph
81.0,235,SHEPPARD Ryan Macleod,HUN,4.3,7.3,,11.6,7.3,ph
82.0,318,HAN Chung Hyo,PRK,5.2,6.3660000000000005,,11.566,6.3660000000000005,ph
83.0,248,REINHARDSSON Valgard,ISL,3.6,7.9,,11.5,7.9,ph
84.0,146,ALEKSANDROV Yordan,BUL,4.6,6.9,,11.5,6.9,ph
85.0,380,MOLDAUER Yul,USA,4.7,6.8,,11.5,6.8,ph
86.0,338,DEJANOVIC Bojan,SRB,4.2,7.266,,11.466,7.265999999999999,ph
87.0,275,JANTYKOV Yerbol,KAZ,3.8,7.6,,11.4,7.6000000000000005,ph
88.0,234,KARDOS Botond,HUN,4.3,7.1,,11.4,7.1000000000000005,ph
89.0,137,SANUVONH Dzianis,BLR,4.6,6.8,,11.4,6.800000000000001,ph
90.0,195,KIRMES Oskar,FIN,4.1,7.266,,11.366,7.266,ph
91.0,148,COURNOYER Rene,CAN,5.2,6.166,,11.366,6.1659999999999995,ph
92.0,107,DAVTYAN Artur,ARM,5.5,5.8660000000000005,,11.366,5.866,ph
92.0,289,LOO Phay Xing,MAS,5.5,5.8660000000000005,,11.366,5.866,ph
94.0,147,CLAY Zachary,CAN,5.8,5.566,,11.366,5.566,ph
95.0,287,TVOROGAL Robert,LTU,4.6,6.7,,11.3,6.700000000000001,ph
96.0,167,KUSAN Leonardo,CRO,5.1,6.2,,11.3,6.200000000000001,ph
97.0,341,VEFIC Petar,SRB,4.2,7.066,,11.266,7.066,ph
98.0,254,SOROKINE Michael,ISR,4.3,6.966,,11.266,6.966,ph
99.0,320,RI Yong Min,PRK,4.8,6.466,,11.266,6.466,ph
100.0,375,VASYLENKO Maksym,UKR,5.2,6.066,,11.266,6.066,ph
101.0,220,NGUYEN Marcel,GER,4.8,6.433,,11.233,6.433000000000001,ph
102.0,322,ALDYANI Ahmed,QAT,5.4,5.832999999999999,,11.233,5.833,ph
103.0,120,KRANZLMUELLER Severin,AUT,3.9,7.3,,11.2,7.299999999999999,ph
104.0,376,VERNIAIEV Oleg,UKR,5.1,6.1,,11.2,6.1,ph
105.0,178,PONIZIL Daniel,CZE,3.4,7.766,,11.166,7.766,ph
106.0,121,SCHWAB Matthias,AUT,4.3,6.8660000000000005,,11.166,6.8660000000000005,ph
107.0,144,SOUZA Caio,BRA,5.3,5.8660000000000005,,11.166,5.8660000000000005,ph
108.0,128,TIKHONOV Ivan,AZE,5.5,5.666,,11.166,5.666,ph
109.0,118,HOECK Vinzenz,AUT,4.2,6.957999999999999,,11.158,6.957999999999999,ph
110.0,306,DICK Ethan,NZL,4.5,6.632999999999999,,11.133,6.632999999999999,ph
111.0,104,MAYOL Santiago,ARG,4.6,6.466,,11.066,6.466000000000001,ph
112.0,222,CHATZIEFSTATHIOU Georgios Christos,GRE,5.2,5.8660000000000005,,11.066,5.8660000000000005,ph
113.0,239,McCLENAGHAN Rhys,IRL,6.1,4.966,,11.066,4.966000000000001,ph
114.0,392,PHAN Ngoc Hung,VIE,4.8,6.2,,11,6.2,ph
115.0,232,BABOS Adam,HUN,4.9,6.1,,11,6.1,ph
116.0,272,TANIGAWA Wataru,JPN,5.5,5.5,,11,5.5,ph
117.0,350,BROMAN William,SWE,3.7,7.266,,10.966,7.265999999999999,ph
118.0,203,GOBAUX Julien,FRA,4.9,6.066,,10.966,6.065999999999999,ph
119.0,181,SOLOVJEV Svjatoslav,CZE,4.0,6.95,,10.95,6.949999999999999,ph
120.0,211,ABESADZE Saba,GEO,4.6,6.3,,10.9,6.300000000000001,ph
121.0,307,DYSON Devy,NZL,4.2,6.666,,10.866,6.6659999999999995,ph
122.0,163,MARTINEZ MORENO Andres,COL,4.7,6.132999999999999,,10.833,6.133,ph
122.0,315,ALMEIDA Simao,POR,4.7,6.132999999999999,,10.833,6.133,ph
124.0,329,MUNTEAN Andrei Vasile,ROU,4.2,6.6,,10.8,6.6000000000000005,ph
125.0,215,KUZOVKOV Konstantin,GEO,5.0,5.8,,10.8,5.800000000000001,ph
126.0,265,ABU AL SOUD Ahmad,JOR,5.5,5.3,,10.8,5.300000000000001,ph
127.0,227,TANTALIDIS Antonios,GRE,5.2,5.5329999999999995,,10.733,5.533,ph
128.0,142,de SOUZA BITENCOURT Lucas,BRA,4.8,5.9,,10.7,5.8999999999999995,ph
128.0,286,KUZMICKAS Tomas,LTU,4.8,5.9,,10.7,5.8999999999999995,ph
130.0,124,AGHARZAYEV Murad,AZE,5.0,5.7,,10.7,5.699999999999999,ph
131.0,114,MASON STEPHENS Clay,AUS,3.6,7.066,,10.666,7.066000000000001,ph
132.0,246,BALDURSSON Eythor,ISL,2.8,7.832999999999999,,10.633,7.832999999999999,ph
133.0,309,KOUDINOV Mikhail,NZL,3.9,6.7,,10.6,6.699999999999999,ph
134.0,279,BAE Garam,KOR,4.2,6.4,,10.6,6.3999999999999995,ph
135.0,316,ALMEIDA Bernardo,POR,4.5,6.0,,10.5,6.0,ph
136.0,223,ILIOPOULOS Nikolaos,GRE,3.6,6.791,,10.391,6.791,ph
137.0,260,SARRUGERIO Marco,ITA,3.8,6.5329999999999995,,10.333,6.533,ph
138.0,302,KALVOE Odin,NOR,4.6,5.733,,10.333,5.7330000000000005,ph
139.0,189,MIR Nicolau,ESP,3.7,6.6,,10.3,6.6000000000000005,ph
140.0,290,de LUNA Fabian,MEX,4.1,6.166,,10.266,6.166,ph
141.0,213,GOVOROV Dmitrii,GEO,5.0,5.266,,10.266,5.266,ph
142.0,160,CALVO Carlos,COL,4.1,6.132999999999999,,10.233,6.133000000000001,ph
143.0,298,RIJKEN Frank,NED,4.2,6.0329999999999995,,10.233,6.033,ph
144.0,314,AGUIAR BARBOSA Petrix Stevan,POR,4.4,5.832999999999999,,10.233,5.833,ph
145.0,135,ANTROPAU Raman,BLR,5.4,4.833,,10.233,4.833,ph
146.0,138,SHARAMKOU Yahor,BLR,4.4,5.8,,10.2,5.799999999999999,ph
147.0,285,GUSCINAS Rokas,LTU,5.3,4.8660000000000005,,10.166,4.8660000000000005,ph
148.0,202,FRASCA Loris,FRA,4.5,5.6,,10.1,5.6,ph
149.0,190,LOPEZ Ruben,ESP,4.8,5.3,,10.1,5.3,ph
150.0,253,SHATILOV Alexander,ISR,4.7,5.3660000000000005,,10.066,5.3660000000000005,ph
151.0,212,ARSENIEV Vitalii,GEO,3.9,6.132999999999999,,10.033,6.132999999999999,ph
152.0,122,SEREINIG Fabio,AUT,4.7,5.332999999999999,,10.033,5.332999999999999,ph
153.0,131,KUAVITA Noah,BEL,4.0,6.0,,10,6.0,ph
154.0,282,LEE Junho,KOR,4.2,5.8,,10,5.8,ph
155.0,152,ZAKUTNEY Samuel,CAN,4.7,5.3,,10,5.3,ph
156.0,365,ARCA Mustafa,TUR,3.7,6.266,,9.966,6.265999999999999,ph
157.0,263,LEWIS Stephen,JAM,4.1,5.8660000000000005,,9.966,5.866,ph
158.0,175,KRASIAS Michalis,CYP,5.4,4.566,,9.966,4.565999999999999,ph
159.0,391,PHAM Phuoc Hung,VIE,4.2,5.733,,9.933,5.733,ph
160.0,243,AL-DULAIMI Yasir,IRQ,3.8,6.1,,9.9,6.1000000000000005,ph
161.0,354,VANSTROEM Kim,SWE,3.9,6.0,,9.9,6.0,ph
162.0,176,KYRIAKOU Neofytos,CYP,3.4,6.4910000000000005,,9.891,6.491,ph
163.0,224,KRANITIS Nikolaos,GRE,3.1,6.766,,9.866,6.766,ph
164.0,244,AL-DULAIMI Abdullah,IRQ,4.8,5.066,,9.866,5.066,ph
165.0,165,VARGAS Erick,COL,4.7,5.132999999999999,,9.833,5.133,ph
166.0,113,COSTIN Scott,AUS,3.8,5.966,,9.766,5.966,ph
167.0,340,PAUNOVIC Milos,SRB,4.4,5.3660000000000005,,9.766,5.366,ph
168.0,247,GUNNARSSON Jon,ISL,3.1,6.632999999999999,,9.733,6.633000000000001,ph
169.0,390,le Thanh Tung,VIE,3.3,6.4,,9.7,6.3999999999999995,ph
170.0,321,RI Wi Chol,PRK,3.8,5.9,,9.7,5.8999999999999995,ph
171.0,384,ABDUSAMATOV Khusniddin,UZB,4.5,5.2,,9.7,5.199999999999999,ph
172.0,336,TAY Wei An Terry,SGP,3.8,5.8660000000000005,,9.666,5.8660000000000005,ph
173.0,363,YU Chao Wei,TPE,3.7,5.9,,9.6,5.8999999999999995,ph
174.0,342,VELICKOVIC Petar,SRB,4.6,5.0,,9.6,5.0,ph
175.0,161,CALVO MORENO Jossimar Orlando,COL,4.2,5.266,,9.466,5.265999999999999,ph
176.0,103,JATO Julian,ARG,3.1,6.2,,9.3,6.200000000000001,ph
177.0,109,KHACHATRYAN Vigen,ARM,4.4,4.9,,9.3,4.9,ph
178.0,132,van den KEYBUS Luka,BEL,4.4,4.8660000000000005,,9.266,4.866,ph
179.0,317,HAN Jong Hyok,PRK,4.3,4.933,,9.233,4.933000000000001,ph
180.0,312,LEON PRADO Arian,PER,4.4,4.833,,9.233,4.833,ph
181.0,261,BECKFORD Reiss,JAM,4.3,4.6,,8.9,4.6000000000000005,ph
182.0,267,NAGHOUJ Saleem,JOR,3.9,4.966,,8.866,4.965999999999999,ph
183.0,262,FAULK Caleb,JAM,4.0,4.766,,8.766,4.766,ph
184.0,355,ALSOULIMAN Yazan,SYR,3.8,4.5,,8.3,4.500000000000001,ph
185.0,328,KOTRONG Adelin,ROU,4.2,4.033,,8.233,4.033,ph
186.0,293,ROJO Francisco,MEX,3.4,4.766,,8.166,4.766,ph
187.0,150,PATERSON Cory,CAN,4.5,3.6660000000000004,,8.166,3.6660000000000004,ph
188.0,112,BULL Tyson,AUS,3.8,4.333,,8.133,4.332999999999999,ph
189.0,386,KHAMROKULOV Akobir,UZB,3.7,3.833,,7.533,3.833,ph
190.0,323,MOSA Ahmed,QAT,3.0,3.8,,6.8,3.8,ph
191.0,172,LERU Randy,CUB,3.2,3.533,,6.733,3.5329999999999995,ph
192.0,186,CHIRIBOGA Israel,ECU,3.7,2.966,,6.666,2.966,ph
193.0,327,SZABO Rafael,ROU,3.3,3.333,,6.633,3.333,ph
194.0,125,BAIRAMOV Timur,AZE,2.9,2.6,,5.5,2.6,ph
195.0,370,SAMILOGLU Umit,TUR,2.8,6.4,-4.0,5.2,2.4000000000000004,ph
196.0,106,VILLAFANE Daniel,ARG,2.9,5.8,-4.0,4.7,1.8000000000000003,ph
197.0,102,CORDOBA Nicolas,ARG,2.0,6.5,-4.0,4.5,2.5,ph
198.0,356,PROMMANEE Jamorn,THA,3.2,4.9,-4.0,4.1,0.8999999999999995,ph
199.0,311,AGUERO Daniel,PER,3.4,4.3660000000000005,-4.0,3.766,0.3660000000000001,ph
200.0,291,NUNEZ Isaac,MEX,3.3,4.3660000000000005,-4.0,3.666,0.3660000000000001,ph
201.0,292,RAZO PADILLA Patricio,MEX,2.9,4.566,-4.0,3.466,0.5660000000000003,ph
202.0,352,LIDBECK Filip,SWE,2.2,4.7,-4.0,2.9,0.6999999999999997,ph
1.0,226,PETROUNIAS Eleftherios,GRE,6.3,8.966000000000003,,15.265999999999998,8.965999999999998,sr
2.0,145,ZANETTI Arthur,BRA,6.2,8.833,,15.033,8.832999999999998,sr
3.0,111,TOVMASYAN Artur,ARM,6.1,8.766,,14.866,8.766,sr
4.0,374,RADIVILOV Igor,UKR,6.3,8.433,,14.733,8.433,sr
5.0,108,DAVTYAN Vahagn,ARM,6.1,8.566,,14.666,8.566,sr
6.0,257,LODADIO Marco,ITA,6.3,8.366,,14.666,8.366,sr
7.0,127,SIMONOV Nikita,AZE,6.0,8.633,,14.633,8.633,sr
7.0,334,NAGORNYY Nikita,RUS,6.0,8.633,,14.633,8.633,sr
9.0,130,GOOSSENS Dennis,BEL,6.2,8.333,,14.533,8.332999999999998,sr
9.0,367,COLAK Ibrahim,TUR,6.2,8.333,,14.533,8.332999999999998,sr
11.0,144,SOUZA Caio,BRA,6.0,8.433,,14.433,8.433,sr
12.0,290,de LUNA Fabian,MEX,5.9,8.466000000000001,,14.366,8.466,sr
13.0,333,LANKIN Dmitrii,RUS,6.1,8.2,,14.3,8.200000000000001,sr
14.0,378,MIKULAK Samuel,USA,5.6,8.6,,14.2,8.6,sr
15.0,154,DENG Shudi,CHN,6.0,8.166,,14.166,8.166,sr
16.0,157,XIAO Ruoteng,CHN,5.7,8.433,,14.133,8.433,sr
17.0,220,NGUYEN Marcel,GER,5.8,8.333,,14.133,8.332999999999998,sr
17.0,221,TOBA Andreas,GER,5.8,8.333,,14.133,8.332999999999998,sr
17.0,388,DANG Nam,VIE,5.8,8.333,,14.133,8.332999999999998,sr
20.0,118,HOECK Vinzenz,AUT,6.1,8.033,,14.133,8.033,sr
21.0,208,HALL James,GBR,5.8,8.3,,14.1,8.3,sr
22.0,331,DALALOYAN Artur,RUS,5.9,8.2,,14.1,8.2,sr
23.0,272,TANIGAWA Wataru,JPN,6.0,8.0,,14.0,8.0,sr
24.0,268,KAYA Kazuma,JPN,6.1,7.866,,13.966,7.866,sr
25.0,156,SUN Wei,CHN,5.9,8.033,,13.933,8.033,sr
26.0,219,KLESSING Nick,GER,5.6,8.3,,13.9,8.3,sr
27.0,259,RUSSO Andrea,ITA,5.7,8.2,,13.9,8.2,sr
28.0,273,UCHIMURA Kohei,JPN,5.9,8.0,,13.9,8.0,sr
29.0,107,DAVTYAN Artur,ARM,5.3,8.566,,13.866,8.565999999999999,sr
30.0,369,ONDER Ahmet,TUR,6.0,7.866,,13.866,7.866,sr
31.0,329,MUNTEAN Andrei Vasile,ROU,5.9,7.957999999999998,,13.858,7.958,sr
32.0,260,SARRUGERIO Marco,ITA,5.5,8.333,,13.833,8.333,sr
33.0,155,LIN Chaopan,CHN,5.6,8.232999999999999,,13.833,8.233,sr
34.0,203,GOBAUX Julien,FRA,5.4,8.4,,13.8,8.4,sr
35.0,379,MODI Akash,USA,5.6,8.166,,13.765999999999998,8.165999999999999,sr
36.0,284,PARK Minsoo,KOR,5.7,8.066,,13.765999999999998,8.065999999999999,sr
37.0,105,MOLINARI Federico,ARG,5.9,7.866,,13.765999999999998,7.865999999999998,sr
38.0,162,LUGO Didier,COL,6.1,7.666,,13.765999999999998,7.665999999999999,sr
39.0,269,SHIRAI Kenzo,JPN,5.7,8.033,,13.733,8.033000000000001,sr
40.0,207,FRASER Joe,GBR,5.4,8.3,,13.7,8.299999999999999,sr
41.0,313,YULO Carlos Edriel,PHI,5.5,8.2,,13.7,8.2,sr
41.0,324,BATAGA Cristian Ioan,ROU,5.5,8.2,,13.7,8.2,sr
43.0,187,ABAD Nestor,ESP,5.2,8.466000000000001,,13.666,8.466000000000001,sr
44.0,205,BEVAN Brinn,GBR,5.1,8.5,,13.6,8.5,sr
45.0,296,DEURLOO Bart,NED,5.3,8.3,,13.6,8.3,sr
46.0,190,LOPEZ Ruben,ESP,5.5,8.033,,13.533,8.033,sr
46.0,330,BELYAVSKIY David,RUS,5.5,8.033,,13.533,8.033,sr
48.0,365,ARCA Mustafa,TUR,5.5,8.0,,13.5,8.0,sr
48.0,382,YODER Alec,USA,5.5,8.0,,13.5,8.0,sr
50.0,106,VILLAFANE Daniel,ARG,5.9,7.6,,13.5,7.6,sr
51.0,206,CUNNINGHAM Dominick,GBR,5.4,8.066,,13.466,8.065999999999999,sr
52.0,192,ZAPATA Rayderley,ESP,5.7,7.766,,13.466,7.765999999999999,sr
53.0,149,MORGAN Scott,CAN,5.8,7.666,,13.466,7.6659999999999995,sr
53.0,363,YU Chao Wei,TPE,5.8,7.666,,13.466,7.6659999999999995,sr
55.0,202,FRASCA Loris,FRA,4.9,8.533,,13.433,8.533,sr
56.0,134,VROLIX Jonathan,BEL,5.2,8.232999999999999,,13.433,8.233,sr
57.0,299,SCHMIDT Casimir,NED,5.5,7.933,,13.433,7.933,sr
58.0,343,BAUMANN Christian,SUI,5.1,8.3,,13.4,8.3,sr
59.0,148,COURNOYER Rene,CAN,5.3,8.1,,13.4,8.100000000000001,sr
60.0,348,YUSOF Eddy,SUI,5.5,7.9,,13.4,7.9,sr
61.0,376,VERNIAIEV Oleg,UKR,4.9,8.466000000000001,,13.366,8.466,sr
62.0,139,TSIARESHCHANKA Kiryl,BLR,5.1,8.266,,13.366,8.266,sr
63.0,307,DYSON Devy,NZL,5.3,8.066,,13.366,8.065999999999999,sr
64.0,344,BRAEGGER Pablo,SUI,4.6,8.732999999999999,,13.333,8.733,sr
65.0,216,DAUSER Lukas,GER,5.0,8.333,,13.333,8.333,sr
66.0,189,MIR Nicolau,ESP,5.1,8.232999999999999,,13.333,8.233,sr
67.0,371,HRYKO Vladyslav,UKR,5.5,7.832999999999998,,13.333,7.833,sr
68.0,173,GEORGIOU Marios,CYP,5.0,8.3,,13.3,8.3,sr
69.0,373,PAKHNIUK Petro,UKR,5.1,8.166,,13.265999999999998,8.165999999999999,sr
70.0,223,ILIOPOULOS Nikolaos,GRE,4.7,8.533,,13.233,8.533000000000001,sr
71.0,261,BECKFORD Reiss,JAM,5.1,8.133,,13.233,8.133000000000001,sr
72.0,327,SZABO Rafael,ROU,5.2,8.033,,13.233,8.033000000000001,sr
73.0,380,MOLDAUER Yul,USA,5.7,7.532999999999999,,13.233,7.533,sr
74.0,317,HAN Jong Hyok,PRK,5.5,7.725,,13.225,7.725,sr
75.0,174,GEORGIOU Ilias,CYP,4.6,8.6,,13.2,8.6,sr
76.0,287,TVOROGAL Robert,LTU,4.7,8.5,,13.2,8.5,sr
76.0,298,RIJKEN Frank,NED,4.7,8.5,,13.2,8.5,sr
78.0,256,EDALLI Ludovico,ITA,4.8,8.4,,13.2,8.399999999999999,sr
79.0,350,BROMAN William,SWE,4.9,8.3,,13.2,8.299999999999999,sr
80.0,230,NG Kiu Chung,HKG,6.1,7.1,,13.2,7.1,sr
81.0,282,LEE Junho,KOR,4.8,8.366,,13.166,8.366,sr
82.0,116,REMKES Christopher,AUS,5.1,8.066,,13.166,8.066,sr
83.0,280,KIM Hansol,KOR,5.4,7.766,,13.166,7.766,sr
84.0,346,HEGI Oliver,SUI,4.9,8.232999999999999,,13.133,8.232999999999999,sr
85.0,279,BAE Garam,KOR,4.9,8.2,,13.1,8.2,sr
86.0,161,CALVO MORENO Jossimar Orlando,COL,5.1,7.966,,13.066,7.966000000000001,sr
87.0,285,GUSCINAS Rokas,LTU,5.2,7.866,,13.066,7.8660000000000005,sr
88.0,196,KOSKI Elias,FIN,4.5,8.533,,13.033,8.533,sr
89.0,321,RI Wi Chol,PRK,5.1,7.933,,13.033,7.933,sr
90.0,390,le Thanh Tung,VIE,4.8,8.2,,13.0,8.2,sr
91.0,147,CLAY Zachary,CAN,5.3,7.7,,13.0,7.7,sr
92.0,316,ALMEIDA Bernardo,POR,4.9,8.066,,12.966,8.065999999999999,sr
93.0,274,AZIZOV Ilyas,KAZ,4.4,8.533,,12.933,8.533,sr
94.0,115,MORGANS Mitchell,AUS,4.9,8.033,,12.933,8.033,sr
95.0,358,HSU Ping Chien,TPE,5.6,7.332999999999998,,12.933,7.333,sr
96.0,195,KIRMES Oskar,FIN,4.7,8.166,,12.866,8.166,sr
97.0,129,GENTGES Maxime,BEL,4.9,7.966,,12.866,7.965999999999999,sr
98.0,251,MEDVEDEV Andrey,ISR,4.8,8.033,,12.833,8.033000000000001,sr
99.0,140,BARRETTO JUNIOR Francisco,BRA,4.9,7.933,,12.833,7.933,sr
100.0,175,KRASIAS Michalis,CYP,4.2,8.6,,12.8,8.600000000000001,sr
101.0,383,ABDURAKHIMOV Rasuljon,UZB,4.7,8.1,,12.8,8.100000000000001,sr
102.0,314,AGUIAR BARBOSA Petrix Stevan,POR,5.1,7.7,,12.8,7.700000000000001,sr
103.0,276,KARIMI Milad,KAZ,4.5,8.266,,12.765999999999998,8.265999999999998,sr
103.0,278,MUSSAYEV Akim,KAZ,4.5,8.266,,12.765999999999998,8.265999999999998,sr
105.0,150,PATERSON Cory,CAN,4.7,8.066,,12.765999999999998,8.065999999999999,sr
106.0,142,de SOUZA BITENCOURT Lucas,BRA,5.5,7.266,,12.765999999999998,7.265999999999998,sr
107.0,320,RI Yong Min,PRK,5.6,7.166,,12.765999999999998,7.165999999999999,sr
108.0,146,ALEKSANDROV Yordan,BUL,4.8,7.933,,12.733,7.933000000000001,sr
109.0,104,MAYOL Santiago,ARG,5.0,7.733,,12.733,7.7330000000000005,sr
110.0,353,RUMBUTIS David,SWE,4.3,8.416,,12.716,8.416,sr
111.0,193,CARD Franz,FIN,4.2,8.5,,12.7,8.5,sr
112.0,247,GUNNARSSON Jon,ISL,4.6,8.1,,12.7,8.1,sr
113.0,211,ABESADZE Saba,GEO,4.8,7.9,,12.7,7.8999999999999995,sr
114.0,135,ANTROPAU Raman,BLR,4.0,8.633,,12.633,8.633,sr
115.0,309,KOUDINOV Mikhail,NZL,4.6,8.033,,12.633,8.033,sr
116.0,305,WIBYE Harald,NOR,4.1,8.5,,12.6,8.5,sr
117.0,136,LIKHOVITSKIY Andrey,BLR,4.6,8.0,,12.6,8.0,sr
118.0,232,BABOS Adam,HUN,4.9,7.7,,12.6,7.699999999999999,sr
119.0,222,CHATZIEFSTATHIOU Georgios Christos,GRE,4.4,8.166,,12.566,8.166,sr
120.0,212,ARSENIEV Vitalii,GEO,4.6,7.966,,12.566,7.966000000000001,sr
121.0,303,SKJERAHAUG Stian,NOR,4.5,8.033,,12.533,8.033,sr
122.0,199,BORELLO Antoine,FRA,4.6,7.933,,12.533,7.933,sr
122.0,366,ARICAN Ferhat,TUR,4.6,7.933,,12.533,7.933,sr
124.0,131,KUAVITA Noah,BEL,4.7,7.832999999999998,,12.533,7.832999999999999,sr
124.0,301,HEGGEMSNES Sofus,NOR,4.7,7.832999999999998,,12.533,7.832999999999999,sr
126.0,227,TANTALIDIS Antonios,GRE,4.0,8.525,,12.525,8.525,sr
127.0,235,SHEPPARD Ryan Macleod,HUN,4.3,8.2,,12.5,8.2,sr
128.0,114,MASON STEPHENS Clay,AUS,4.2,8.266,,12.466,8.265999999999998,sr
129.0,128,TIKHONOV Ivan,AZE,5.0,7.466,,12.466,7.465999999999999,sr
130.0,291,NUNEZ Isaac,MEX,4.5,7.933,,12.433,7.933,sr
131.0,103,JATO Julian,ARG,4.2,8.2,,12.4,8.2,sr
131.0,112,BULL Tyson,AUS,4.2,8.2,,12.4,8.2,sr
133.0,386,KHAMROKULOV Akobir,UZB,4.9,7.466,,12.366,7.465999999999999,sr
134.0,340,PAUNOVIC Milos,SRB,5.1,7.266,,12.366,7.266,sr
135.0,262,FAULK Caleb,JAM,4.9,7.433,,12.333,7.433,sr
136.0,124,AGHARZAYEV Murad,AZE,4.4,7.9,,12.3,7.9,sr
137.0,234,KARDOS Botond,HUN,4.6,7.7,,12.3,7.700000000000001,sr
138.0,263,LEWIS Stephen,JAM,4.5,7.766,,12.265999999999998,7.765999999999998,sr
139.0,354,VANSTROEM Kim,SWE,4.3,7.933,,12.233,7.933000000000001,sr
140.0,306,DICK Ethan,NZL,3.8,8.4,,12.2,8.399999999999999,sr
141.0,349,MICHNAK Slavomir,SVK,3.9,8.3,,12.2,8.299999999999999,sr
142.0,254,SOROKINE Michael,ISR,4.2,8.0,,12.2,7.999999999999999,sr
143.0,391,PHAM Phuoc Hung,VIE,4.6,7.566,,12.166,7.566000000000001,sr
144.0,177,CERNY Frantisek,CZE,4.1,8.033,,12.133,8.033,sr
144.0,179,RADOVESNICKY Daniel,CZE,4.1,8.033,,12.133,8.033,sr
146.0,360,SHIAO Yu-Jan,TPE,4.3,7.832999999999998,,12.133,7.832999999999999,sr
146.0,385,AZIMOV Abdulla,UZB,4.3,7.832999999999998,,12.133,7.832999999999999,sr
148.0,201,DEGOUY Paul,FRA,4.5,7.632999999999999,,12.133,7.632999999999999,sr
149.0,393,IDESJOE Karl,SWE,4.6,7.532999999999999,,12.133,7.5329999999999995,sr
150.0,304,STIANSEN Henrik,NOR,4.7,7.407999999999999,,12.108,7.408,sr
151.0,119,KRANZLMUELLER Lukas,AUT,3.7,8.4,,12.1,8.399999999999999,sr
152.0,241,STEELE Adam,IRL,4.2,7.9,,12.1,7.8999999999999995,sr
152.0,248,REINHARDSSON Valgard,ISL,4.2,7.9,,12.1,7.8999999999999995,sr
154.0,121,SCHWAB Matthias,AUT,4.5,7.6,,12.1,7.6,sr
154.0,311,AGUERO Daniel,PER,4.5,7.6,,12.1,7.6,sr
156.0,215,KUZOVKOV Konstantin,GEO,4.6,7.5,,12.1,7.5,sr
157.0,137,SANUVONH Dzianis,BLR,4.7,7.4,,12.1,7.3999999999999995,sr
158.0,120,KRANZLMUELLER Severin,AUT,4.2,7.866,,12.066,7.8660000000000005,sr
159.0,294,VALLE Joshua,MEX,5.5,6.566,,12.066,6.566000000000001,sr
160.0,250,KORCHAK Ilan,ISR,4.2,7.832999999999998,,12.033,7.832999999999999,sr
161.0,339,JURKOVIC Nikola,SRB,4.1,7.9,,12.0,7.9,sr
162.0,322,ALDYANI Ahmed,QAT,4.3,7.7,,12.0,7.7,sr
163.0,172,LERU Randy,CUB,4.4,7.6,,12.0,7.6,sr
164.0,178,PONIZIL Daniel,CZE,3.4,8.566,,11.966,8.565999999999999,sr
165.0,249,DOLGOPYAT Artem,ISR,4.3,7.666,,11.966,7.6659999999999995,sr
166.0,315,ALMEIDA Simao,POR,5.2,6.766,,11.966,6.765999999999999,sr
167.0,318,HAN Chung Hyo,PRK,5.3,6.666,,11.966,6.6659999999999995,sr
168.0,357,SURINTORNTA Tikumporn,THA,4.7,7.233,,11.933,7.233,sr
169.0,387,TOSHPULATOV Bobur,UZB,3.9,8.0,,11.9,8.0,sr
170.0,297,LOUWIJE Bram,NED,3.7,8.1,,11.8,8.100000000000001,sr
171.0,310,OCONNELL-INNS Jorden,NZL,4.2,7.566,,11.765999999999998,7.565999999999998,sr
172.0,213,GOVOROV Dmitrii,GEO,4.4,7.332999999999998,,11.733,7.333,sr
173.0,341,VEFIC Petar,SRB,4.2,7.366,,11.566,7.3660000000000005,sr
174.0,336,TAY Wei An Terry,SGP,4.2,7.332999999999998,,11.533,7.332999999999999,sr
175.0,286,KUZMICKAS Tomas,LTU,4.9,6.6,,11.5,6.6,sr
176.0,163,MARTINEZ MORENO Andres,COL,4.6,6.733,,11.333,6.7330000000000005,sr
177.0,160,CALVO Carlos,COL,4.6,6.7,,11.3,6.700000000000001,sr
178.0,392,PHAN Ngoc Hung,VIE,3.3,7.966,,11.265999999999998,7.965999999999998,sr
179.0,125,BAIRAMOV Timur,AZE,3.4,7.766,,11.166,7.766,sr
180.0,246,BALDURSSON Eythor,ISL,3.9,7.1,,11.0,7.1,sr
181.0,186,CHIRIBOGA Israel,ECU,3.2,7.532999999999999,,10.733,7.533,sr
182.0,181,SOLOVJEV Svjatoslav,CZE,2.8,8.166,-0.3,10.666,7.8660000000000005,sr
183.0,289,LOO Phay Xing,MAS,3.8,6.6,,10.4,6.6000000000000005,sr
184.0,312,LEON PRADO Arian,PER,2.7,7.566,,10.265999999999998,7.565999999999998,sr
185.0,267,NAGHOUJ Saleem,JOR,3.7,6.8660000000000005,-0.3,10.265999999999998,6.565999999999998,sr
186.0,275,JANTYKOV Yerbol,KAZ,4.0,6.1,-0.3,9.8,5.800000000000001,sr
187.0,323,MOSA Ahmed,QAT,3.7,6.1,,9.8,6.1000000000000005,sr
188.0,342,VELICKOVIC Petar,SRB,4.1,5.7,,9.8,5.700000000000001,sr
189.0,292,RAZO PADILLA Patricio,MEX,3.2,7.2,-4.0,6.4,3.2,sr
190.0,170,UDE Filip,CRO,2.2,8.383,-4.3,6.283,4.083,sr
191.0,167,KUSAN Leonardo,CRO,2.5,7.632999999999999,-4.0,6.132999999999999,3.632999999999999,sr
192.0,356,PROMMANEE Jamorn,THA,2.9,7.3,-4.3,5.9,3.0000000000000004,sr
193.0,359,LEE Chih Kai,TPE,3.6,6.3,-4.0,5.9,2.3000000000000003,sr
194.0,166,KOVACEVIC Anton,CRO,2.1,7.666,-4.3,5.466,3.366,sr
1.0,159,ZOU Jingyuan,CHN,6.6,9.2,,15.8,9.200000000000001,pb
2.0,376,VERNIAIEV Oleg,UKR,6.7,8.758,,15.458,8.758,pb
3.0,155,LIN Chaopan,CHN,6.4,8.866,,15.265999999999998,8.865999999999998,pb
4.0,161,CALVO MORENO Jossimar Orlando,COL,6.5,8.6,,15.1,8.6,pb
5.0,331,DALALOYAN Artur,RUS,6.4,8.641,,15.041,8.641,pb
6.0,330,BELYAVSKIY David,RUS,6.4,8.633,,15.033,8.633,pb
6.0,378,MIKULAK Samuel,USA,6.4,8.633,,15.033,8.633,pb
8.0,157,XIAO Ruoteng,CHN,6.2,8.8,,15.0,8.8,pb
9.0,334,NAGORNYY Nikita,RUS,6.4,8.566,,14.966,8.565999999999999,pb
10.0,216,DAUSER Lukas,GER,6.3,8.633,,14.933,8.633,pb
11.0,366,ARICAN Ferhat,TUR,6.6,8.266,,14.866,8.266,pb
12.0,270,TANAKA Yusuke,JPN,6.3,8.533,,14.833,8.533000000000001,pb
13.0,272,TANIGAWA Wataru,JPN,6.2,8.6,,14.8,8.600000000000001,pb
13.0,373,PAKHNIUK Petro,UKR,6.2,8.6,,14.8,8.600000000000001,pb
15.0,144,SOUZA Caio,BRA,6.1,8.666,,14.765999999999998,8.665999999999999,pb
16.0,156,SUN Wei,CHN,5.7,9.033,,14.733,9.033000000000001,pb
17.0,333,LANKIN Dmitrii,RUS,6.4,8.333,,14.733,8.333,pb
18.0,268,KAYA Kazuma,JPN,6.3,8.391,,14.691,8.391000000000002,pb
19.0,300,ZONDERLAND Epke,NED,5.9,8.732999999999999,,14.633,8.732999999999999,pb
20.0,220,NGUYEN Marcel,GER,6.4,8.166,,14.566,8.166,pb
20.0,389,DINH Phuong Thanh,VIE,6.4,8.166,,14.566,8.166,pb
22.0,205,BEVAN Brinn,GBR,5.9,8.625,,14.525,8.625,pb
23.0,380,MOLDAUER Yul,USA,5.9,8.6,,14.5,8.6,pb
24.0,208,HALL James,GBR,6.0,8.466000000000001,,14.466,8.466,pb
25.0,269,SHIRAI Kenzo,JPN,6.2,8.266,,14.466,8.265999999999998,pb
26.0,329,MUNTEAN Andrei Vasile,ROU,5.9,8.5,,14.4,8.5,pb
27.0,313,YULO Carlos Edriel,PHI,5.7,8.666,,14.366,8.666,pb
28.0,391,PHAM Phuoc Hung,VIE,6.3,8.066,,14.366,8.065999999999999,pb
29.0,282,LEE Junho,KOR,5.7,8.633,,14.333,8.633,pb
30.0,344,BRAEGGER Pablo,SUI,6.3,8.033,,14.333,8.033000000000001,pb
31.0,369,ONDER Ahmet,TUR,6.0,8.3,,14.3,8.3,pb
32.0,218,HERDER Philipp,GER,6.1,8.2,,14.3,8.200000000000001,pb
33.0,189,MIR Nicolau,ESP,5.5,8.766,,14.265999999999998,8.765999999999998,pb
34.0,291,NUNEZ Isaac,MEX,5.6,8.633,,14.233,8.633000000000001,pb
35.0,256,EDALLI Ludovico,ITA,5.8,8.4,,14.2,8.399999999999999,pb
36.0,187,ABAD Nestor,ESP,5.5,8.675,,14.175,8.675,pb
37.0,280,KIM Hansol,KOR,5.6,8.533,,14.133,8.533,pb
38.0,136,LIKHOVITSKIY Andrey,BLR,5.5,8.6,,14.1,8.6,pb
39.0,371,HRYKO Vladyslav,UKR,5.7,8.4,,14.1,8.399999999999999,pb
40.0,190,LOPEZ Ruben,ESP,5.6,8.466000000000001,,14.066,8.466000000000001,pb
41.0,348,YUSOF Eddy,SUI,6.0,8.066,,14.066,8.066,pb
42.0,260,SARRUGERIO Marco,ITA,5.5,8.533,,14.033,8.533,pb
42.0,298,RIJKEN Frank,NED,5.5,8.533,,14.033,8.533,pb
44.0,299,SCHMIDT Casimir,NED,5.2,8.766,,13.966,8.765999999999998,pb
45.0,286,KUZMICKAS Tomas,LTU,5.4,8.566,,13.966,8.565999999999999,pb
46.0,143,MARIANO Arthur,BRA,5.2,8.732999999999999,,13.933,8.733,pb
47.0,150,PATERSON Cory,CAN,5.5,8.433,,13.933,8.433,pb
48.0,174,GEORGIOU Ilias,CYP,5.2,8.7,,13.9,8.7,pb
49.0,152,ZAKUTNEY Samuel,CAN,5.4,8.5,,13.9,8.5,pb
50.0,172,LERU Randy,CUB,5.9,8.0,,13.9,8.0,pb
50.0,207,FRASER Joe,GBR,5.9,8.0,,13.9,8.0,pb
52.0,297,LOUWIJE Bram,NED,5.5,8.366,,13.866,8.366,pb
53.0,206,CUNNINGHAM Dominick,GBR,5.6,8.266,,13.866,8.266,pb
53.0,279,BAE Garam,KOR,5.6,8.266,,13.866,8.266,pb
55.0,258,MACCHINI Carlo,ITA,5.2,8.633,,13.833,8.633,pb
56.0,221,TOBA Andreas,GER,5.3,8.5,,13.8,8.5,pb
57.0,278,MUSSAYEV Akim,KAZ,5.2,8.566,,13.765999999999998,8.565999999999999,pb
58.0,284,PARK Minsoo,KOR,5.3,8.466000000000001,,13.765999999999998,8.465999999999998,pb
59.0,320,RI Yong Min,PRK,5.8,7.966,,13.765999999999998,7.965999999999998,pb
60.0,148,COURNOYER Rene,CAN,5.5,8.232999999999999,,13.733,8.233,pb
61.0,382,YODER Alec,USA,5.0,8.7,,13.7,8.7,pb
62.0,201,DEGOUY Paul,FRA,5.1,8.6,,13.7,8.6,pb
62.0,223,ILIOPOULOS Nikolaos,GRE,5.1,8.6,,13.7,8.6,pb
64.0,147,CLAY Zachary,CAN,5.6,8.1,,13.7,8.1,pb
65.0,131,KUAVITA Noah,BEL,5.7,8.0,,13.7,7.999999999999999,pb
66.0,241,STEELE Adam,IRL,5.0,8.666,,13.666,8.666,pb
67.0,290,de LUNA Fabian,MEX,5.4,8.266,,13.666,8.266,pb
68.0,202,FRASCA Loris,FRA,4.9,8.732999999999999,,13.633,8.732999999999999,pb
69.0,142,de SOUZA BITENCOURT Lucas,BRA,5.7,7.933,,13.633,7.932999999999999,pb
70.0,107,DAVTYAN Artur,ARM,4.5,9.1,,13.6,9.1,pb
71.0,287,TVOROGAL Robert,LTU,5.6,8.0,,13.6,8.0,pb
72.0,232,BABOS Adam,HUN,5.1,8.466000000000001,,13.566,8.466000000000001,pb
73.0,128,TIKHONOV Ivan,AZE,5.3,8.232999999999999,,13.533,8.233,pb
73.0,324,BATAGA Cristian Ioan,ROU,5.3,8.232999999999999,,13.533,8.233,pb
75.0,140,BARRETTO JUNIOR Francisco,BRA,6.0,7.532999999999999,,13.533,7.5329999999999995,pb
76.0,129,GENTGES Maxime,BEL,5.1,8.425,,13.525,8.425,pb
77.0,253,SHATILOV Alexander,ISR,4.9,8.6,,13.5,8.6,pb
78.0,163,MARTINEZ MORENO Andres,COL,5.1,8.4,,13.5,8.4,pb
79.0,195,KIRMES Oskar,FIN,5.5,8.0,,13.5,8.0,pb
80.0,179,RADOVESNICKY Daniel,CZE,5.0,8.466000000000001,,13.466,8.466,pb
81.0,259,RUSSO Andrea,ITA,5.4,8.066,,13.466,8.065999999999999,pb
82.0,383,ABDURAKHIMOV Rasuljon,UZB,5.7,7.766,,13.466,7.765999999999999,pb
83.0,236,VECSERNYES David,HUN,4.8,8.633,,13.433,8.633,pb
84.0,375,VASYLENKO Maksym,UKR,5.3,8.133,,13.433,8.133,pb
85.0,356,PROMMANEE Jamorn,THA,5.4,8.033,,13.433,8.033,pb
86.0,315,ALMEIDA Simao,POR,4.9,8.5,,13.4,8.5,pb
87.0,188,DIALLO Thierno,ESP,5.3,8.066,,13.366,8.065999999999999,pb
88.0,309,KOUDINOV Mikhail,NZL,5.6,7.766,,13.366,7.766,pb
89.0,134,VROLIX Jonathan,BEL,5.0,8.333,,13.333,8.333,pb
90.0,254,SOROKINE Michael,ISR,4.7,8.6,,13.3,8.600000000000001,pb
91.0,102,CORDOBA Nicolas,ARG,4.6,8.666,,13.265999999999998,8.665999999999999,pb
92.0,235,SHEPPARD Ryan Macleod,HUN,5.2,8.033,,13.233,8.033000000000001,pb
93.0,314,AGUIAR BARBOSA Petrix Stevan,POR,5.9,7.325,,13.225,7.324999999999999,pb
94.0,120,KRANZLMUELLER Severin,AUT,4.8,8.4,,13.2,8.399999999999999,pb
95.0,343,BAUMANN Christian,SUI,6.1,7.1,,13.2,7.1,pb
96.0,249,DOLGOPYAT Artem,ISR,5.0,8.166,,13.166,8.166,pb
97.0,171,LARDUET Manrique,CUB,5.7,7.466,,13.166,7.466,pb
98.0,137,SANUVONH Dzianis,BLR,4.7,8.433,,13.133,8.433,pb
99.0,363,YU Chao Wei,TPE,5.0,8.133,,13.133,8.133,pb
100.0,306,DICK Ethan,NZL,5.1,8.033,,13.133,8.033,pb
101.0,132,van den KEYBUS Luka,BEL,5.4,7.733,,13.133,7.732999999999999,pb
101.0,392,PHAN Ngoc Hung,VIE,5.4,7.733,,13.133,7.732999999999999,pb
103.0,317,HAN Jong Hyok,PRK,5.9,7.233,,13.133,7.232999999999999,pb
104.0,303,SKJERAHAUG Stian,NOR,4.8,8.266,,13.066,8.266000000000002,pb
105.0,302,KALVOE Odin,NOR,4.1,8.933,,13.033,8.933,pb
106.0,365,ARCA Mustafa,TUR,4.7,8.333,,13.033,8.332999999999998,pb
107.0,222,CHATZIEFSTATHIOU Georgios Christos,GRE,4.9,8.133,,13.033,8.133,pb
108.0,160,CALVO Carlos,COL,5.3,7.733,,13.033,7.733,pb
109.0,227,TANTALIDIS Antonios,GRE,4.1,8.9,,13.0,8.9,pb
110.0,301,HEGGEMSNES Sofus,NOR,4.4,8.6,,13.0,8.6,pb
111.0,115,MORGANS Mitchell,AUS,5.2,7.8,,13.0,7.8,pb
111.0,212,ARSENIEV Vitalii,GEO,5.2,7.8,,13.0,7.8,pb
113.0,293,ROJO Francisco,MEX,5.1,7.866,,12.966,7.866,pb
114.0,114,MASON STEPHENS Clay,AUS,5.7,7.266,,12.966,7.265999999999999,pb
115.0,308,ELLIS Kyleab,NZL,4.3,8.633,,12.933,8.633,pb
116.0,305,WIBYE Harald,NOR,4.5,8.433,,12.933,8.433,pb
117.0,103,JATO Julian,ARG,5.0,7.933,,12.933,7.933,pb
118.0,360,SHIAO Yu-Jan,TPE,4.7,8.2,,12.9,8.2,pb
119.0,127,SIMONOV Nikita,AZE,4.9,8.0,,12.9,8.0,pb
120.0,327,SZABO Rafael,ROU,5.1,7.8,,12.9,7.800000000000001,pb
121.0,379,MODI Akash,USA,5.6,7.6,-0.3,12.9,7.300000000000001,pb
122.0,112,BULL Tyson,AUS,5.1,7.766,,12.866,7.766,pb
123.0,121,SCHWAB Matthias,AUT,4.2,8.633,,12.833,8.633,pb
124.0,135,ANTROPAU Raman,BLR,5.1,7.733,,12.833,7.7330000000000005,pb
125.0,367,COLAK Ibrahim,TUR,5.7,7.132999999999999,,12.833,7.133,pb
126.0,176,KYRIAKOU Neofytos,CYP,3.7,9.1,,12.8,9.100000000000001,pb
127.0,340,PAUNOVIC Milos,SRB,4.7,8.1,,12.8,8.100000000000001,pb
128.0,341,VEFIC Petar,SRB,4.8,8.0,,12.8,8.0,pb
129.0,346,HEGI Oliver,SUI,5.8,7.0,,12.8,7.000000000000001,pb
130.0,109,KHACHATRYAN Vigen,ARM,4.0,8.766,,12.765999999999998,8.765999999999998,pb
131.0,193,CARD Franz,FIN,4.5,8.232999999999999,,12.733,8.233,pb
132.0,261,BECKFORD Reiss,JAM,5.4,7.332999999999998,,12.733,7.333,pb
133.0,274,AZIZOV Ilyas,KAZ,4.4,8.3,,12.7,8.299999999999999,pb
134.0,289,LOO Phay Xing,MAS,4.6,8.1,,12.7,8.1,pb
135.0,311,AGUERO Daniel,PER,5.4,7.3,,12.7,7.299999999999999,pb
136.0,307,DYSON Devy,NZL,4.8,7.866,,12.666,7.8660000000000005,pb
137.0,203,GOBAUX Julien,FRA,5.4,7.233,,12.633,7.232999999999999,pb
138.0,359,LEE Chih Kai,TPE,5.6,7.0,,12.6,7.0,pb
139.0,321,RI Wi Chol,PRK,5.9,6.7,,12.6,6.699999999999999,pb
140.0,214,JIMSHELEISHVILI Ioane,GEO,4.6,7.966,,12.566,7.966000000000001,pb
141.0,173,GEORGIOU Marios,CYP,5.3,7.266,,12.566,7.266000000000001,pb
142.0,275,JANTYKOV Yerbol,KAZ,5.2,7.332999999999998,,12.533,7.332999999999999,pb
143.0,106,VILLAFANE Daniel,ARG,4.9,7.532999999999999,,12.433,7.5329999999999995,pb
144.0,350,BROMAN William,SWE,3.7,8.7,,12.4,8.7,pb
145.0,113,COSTIN Scott,AUS,4.4,7.966,,12.366,7.965999999999999,pb
146.0,125,BAIRAMOV Timur,AZE,4.7,7.641,,12.341,7.640999999999999,pb
147.0,178,PONIZIL Daniel,CZE,4.4,7.933,,12.333,7.933,pb
148.0,292,RAZO PADILLA Patricio,MEX,4.7,7.632999999999999,,12.333,7.633,pb
149.0,322,ALDYANI Ahmed,QAT,5.4,6.933,,12.333,6.933,pb
150.0,105,MOLINARI Federico,ARG,4.6,7.7,,12.3,7.700000000000001,pb
151.0,181,SOLOVJEV Svjatoslav,CZE,3.5,8.7,,12.2,8.7,pb
152.0,124,AGHARZAYEV Murad,AZE,4.3,7.9,,12.2,7.8999999999999995,pb
152.0,263,LEWIS Stephen,JAM,4.3,7.9,,12.2,7.8999999999999995,pb
154.0,318,HAN Chung Hyo,PRK,4.7,7.5,,12.2,7.499999999999999,pb
155.0,199,BORELLO Antoine,FRA,4.9,7.3,,12.2,7.299999999999999,pb
156.0,354,VANSTROEM Kim,SWE,3.8,8.366,,12.166,8.366,pb
157.0,215,KUZOVKOV Konstantin,GEO,4.7,7.466,,12.166,7.466,pb
158.0,122,SEREINIG Fabio,AUT,4.8,7.332999999999998,,12.133,7.332999999999999,pb
159.0,384,ABDUSAMATOV Khusniddin,UZB,4.5,7.6,,12.1,7.6,pb
160.0,234,KARDOS Botond,HUN,4.8,7.266,,12.066,7.266000000000001,pb
161.0,353,RUMBUTIS David,SWE,4.7,7.332999999999998,,12.033,7.332999999999999,pb
162.0,336,TAY Wei An Terry,SGP,4.4,7.6,,12.0,7.6,pb
163.0,177,CERNY Frantisek,CZE,4.2,7.733,,11.933,7.733,pb
164.0,316,ALMEIDA Bernardo,POR,4.4,7.532999999999999,,11.933,7.5329999999999995,pb
165.0,338,DEJANOVIC Bojan,SRB,4.4,7.5,,11.9,7.5,pb
166.0,393,IDESJOE Karl,SWE,5.0,6.9,,11.9,6.9,pb
167.0,118,HOECK Vinzenz,AUT,4.2,7.666,,11.866,7.6659999999999995,pb
168.0,211,ABESADZE Saba,GEO,4.7,7.166,,11.866,7.1659999999999995,pb
169.0,339,JURKOVIC Nikola,SRB,5.0,6.8,,11.8,6.800000000000001,pb
170.0,267,NAGHOUJ Saleem,JOR,4.1,7.632999999999999,,11.733,7.633000000000001,pb
171.0,168,SELIGMAN Robert,CRO,2.3,9.333,,11.633,9.332999999999998,pb
172.0,349,MICHNAK Slavomir,SVK,4.1,7.532999999999999,,11.633,7.5329999999999995,pb
173.0,111,TOVMASYAN Artur,ARM,2.9,8.708,,11.608,8.708,pb
174.0,186,CHIRIBOGA Israel,ECU,4.5,7.266,-0.3,11.466,6.965999999999999,pb
175.0,385,AZIMOV Abdulla,UZB,4.4,7.066,,11.466,7.065999999999999,pb
176.0,387,TOSHPULATOV Bobur,UZB,4.0,7.433,,11.433,7.433,pb
177.0,175,KRASIAS Michalis,CYP,4.4,7.0,,11.4,7.0,pb
178.0,358,HSU Ping Chien,TPE,5.4,6.0,,11.4,6.0,pb
179.0,390,le Thanh Tung,VIE,5.4,5.966,,11.366,5.965999999999999,pb
180.0,196,KOSKI Elias,FIN,4.3,6.832999999999998,,11.133,6.832999999999999,pb
181.0,262,FAULK Caleb,JAM,3.6,7.466,,11.066,7.466000000000001,pb
182.0,162,LUGO Didier,COL,4.9,6.166,,11.066,6.166,pb
183.0,169,SRBIC Tin,CRO,2.8,8.1,,10.9,8.100000000000001,pb
184.0,323,MOSA Ahmed,QAT,3.8,7.0,,10.8,7.000000000000001,pb
185.0,248,REINHARDSSON Valgard,ISL,4.4,6.233,,10.633,6.232999999999999,pb
186.0,243,AL-DULAIMI Yasir,IRQ,4.1,6.933,-0.6,10.433,6.333,pb
187.0,146,ALEKSANDROV Yordan,BUL,4.4,5.233,,9.633,5.232999999999999,pb
188.0,246,BALDURSSON Eythor,ISL,3.3,5.266,,8.566,5.266000000000001,pb
189.0,167,KUSAN Leonardo,CRO,2.2,8.833,-4.0,7.033,4.833,pb
1.0,273,UCHIMURA Kohei,JPN,6.4,8.2,,14.6,8.2,hb
2.0,378,MIKULAK Samuel,USA,6.1,8.466000000000001,,14.566,8.466000000000001,hb
3.0,157,XIAO Ruoteng,CHN,6.1,8.333,,14.433,8.333,hb
4.0,300,ZONDERLAND Epke,NED,6.2,8.2,,14.4,8.2,hb
5.0,169,SRBIC Tin,CRO,6.0,8.3,,14.3,8.3,hb
6.0,154,DENG Shudi,CHN,6.1,8.2,,14.3,8.200000000000001,hb
7.0,361,TANG Chia-Hung,TPE,6.0,8.2,,14.2,8.2,hb
8.0,331,DALALOYAN Artur,RUS,5.7,8.466000000000001,,14.166,8.466000000000001,hb
9.0,171,LARDUET Manrique,CUB,6.3,7.866,,14.166,7.8660000000000005,hb
10.0,270,TANAKA Yusuke,JPN,6.0,8.133,,14.133,8.133,hb
11.0,112,BULL Tyson,AUS,5.9,8.166,,14.066,8.166,hb
12.0,296,DEURLOO Bart,NED,6.1,7.933,,14.033,7.933,hb
13.0,370,SAMILOGLU Umit,TUR,5.9,8.1,,14.0,8.1,hb
14.0,156,SUN Wei,CHN,6.0,8.0,,14.0,8.0,hb
15.0,140,BARRETTO JUNIOR Francisco,BRA,6.1,7.9,,14.0,7.9,hb
16.0,334,NAGORNYY Nikita,RUS,5.8,8.166,,13.966,8.166,hb
17.0,155,LIN Chaopan,CHN,6.2,7.766,,13.966,7.765999999999999,hb
18.0,330,BELYAVSKIY David,RUS,5.6,8.333,,13.933,8.333,hb
19.0,172,LERU Randy,CUB,6.1,7.832999999999998,,13.933,7.833,hb
20.0,187,ABAD Nestor,ESP,5.7,8.166,,13.866,8.166,hb
21.0,161,CALVO MORENO Jossimar Orlando,COL,6.3,7.566,,13.866,7.566,hb
22.0,173,GEORGIOU Marios,CYP,5.8,8.0,,13.8,8.0,hb
23.0,144,SOUZA Caio,BRA,5.9,7.9,,13.8,7.9,hb
24.0,236,VECSERNYES David,HUN,5.7,8.066,,13.765999999999998,8.065999999999999,hb
25.0,348,YUSOF Eddy,SUI,5.5,8.232999999999999,,13.733,8.233,hb
26.0,150,PATERSON Cory,CAN,5.7,8.0,,13.7,7.999999999999999,hb
27.0,201,DEGOUY Paul,FRA,5.9,7.8,,13.7,7.799999999999999,hb
28.0,148,COURNOYER Rene,CAN,5.4,8.2,,13.6,8.2,hb
29.0,102,CORDOBA Nicolas,ARG,5.8,7.8,,13.6,7.8,hb
29.0,343,BAUMANN Christian,SUI,5.8,7.8,,13.6,7.8,hb
31.0,152,ZAKUTNEY Samuel,CAN,5.4,8.133,,13.533,8.133,hb
32.0,174,GEORGIOU Ilias,CYP,5.0,8.5,,13.5,8.5,hb
33.0,207,FRASER Joe,GBR,5.3,8.166,,13.466,8.166,hb
33.0,373,PAKHNIUK Petro,UKR,5.3,8.166,,13.466,8.166,hb
35.0,143,MARIANO Arthur,BRA,5.8,7.666,,13.466,7.6659999999999995,hb
36.0,203,GOBAUX Julien,FRA,5.1,8.333,,13.433,8.333,hb
37.0,136,LIKHOVITSKIY Andrey,BLR,5.5,7.933,,13.433,7.933,hb
38.0,216,DAUSER Lukas,GER,5.6,7.832999999999998,,13.433,7.833,hb
38.0,258,MACCHINI Carlo,ITA,5.6,7.832999999999998,,13.433,7.833,hb
38.0,275,JANTYKOV Yerbol,KAZ,5.6,7.832999999999998,,13.433,7.833,hb
41.0,166,KOVACEVIC Anton,CRO,5.9,7.532999999999999,,13.433,7.5329999999999995,hb
42.0,286,KUZMICKAS Tomas,LTU,5.1,8.3,,13.4,8.3,hb
43.0,256,EDALLI Ludovico,ITA,5.6,7.733,,13.333,7.7330000000000005,hb
44.0,346,HEGI Oliver,SUI,6.2,7.132999999999999,,13.333,7.133,hb
45.0,268,KAYA Kazuma,JPN,5.5,7.8,,13.3,7.800000000000001,hb
45.0,332,KUKSENKOV Nikolai,RUS,5.5,7.8,,13.3,7.800000000000001,hb
47.0,329,MUNTEAN Andrei Vasile,ROU,4.9,8.333,,13.233,8.333,hb
48.0,147,CLAY Zachary,CAN,5.0,8.232999999999999,,13.233,8.233,hb
49.0,234,KARDOS Botond,HUN,5.1,8.133,,13.233,8.133000000000001,hb
50.0,381,van WICKLEN Colin,USA,5.2,8.0,,13.2,7.999999999999999,hb
51.0,379,MODI Akash,USA,5.8,7.366,,13.166,7.3660000000000005,hb
52.0,344,BRAEGGER Pablo,SUI,5.9,7.266,,13.166,7.266,hb
53.0,390,le Thanh Tung,VIE,5.0,8.133,,13.133,8.133,hb
54.0,276,KARIMI Milad,KAZ,5.9,7.233,,13.133,7.232999999999999,hb
55.0,269,SHIRAI Kenzo,JPN,6.1,7.033,,13.133,7.0329999999999995,hb
56.0,195,KIRMES Oskar,FIN,5.0,8.1,,13.1,8.1,hb
57.0,279,BAE Garam,KOR,5.9,7.166,,13.066,7.166,hb
58.0,298,RIJKEN Frank,NED,5.3,7.7,,13.0,7.7,hb
59.0,235,SHEPPARD Ryan Macleod,HUN,5.0,7.966,,12.966,7.965999999999999,hb
60.0,371,HRYKO Vladyslav,UKR,5.2,7.766,,12.966,7.765999999999999,hb
61.0,223,ILIOPOULOS Nikolaos,GRE,5.6,7.366,,12.966,7.366,hb
62.0,199,BORELLO Antoine,FRA,5.4,7.532999999999999,,12.933,7.5329999999999995,hb
63.0,303,SKJERAHAUG Stian,NOR,4.5,8.4,,12.9,8.4,hb
64.0,233,BONCSER Krisztian,HUN,4.9,8.0,,12.9,8.0,hb
65.0,128,TIKHONOV Ivan,AZE,5.1,7.8,,12.9,7.800000000000001,hb
66.0,208,HALL James,GBR,5.6,7.3,,12.9,7.300000000000001,hb
67.0,188,DIALLO Thierno,ESP,4.8,8.066,,12.866,8.065999999999999,hb
68.0,182,BUUS Jacob,DEN,4.9,7.966,,12.866,7.965999999999999,hb
69.0,190,LOPEZ Ruben,ESP,5.0,7.866,,12.866,7.866,hb
70.0,297,LOUWIJE Bram,NED,5.1,7.766,,12.866,7.766,hb
70.0,393,IDESJOE Karl,SWE,5.1,7.766,,12.866,7.766,hb
72.0,132,van den KEYBUS Luka,BEL,5.4,7.433,,12.833,7.433,hb
73.0,281,LEE Hyeokjung,KOR,5.5,7.3,,12.8,7.300000000000001,hb
74.0,118,HOECK Vinzenz,AUT,4.6,8.166,,12.765999999999998,8.165999999999999,hb
75.0,249,DOLGOPYAT Artem,ISR,4.9,7.866,,12.765999999999998,7.865999999999998,hb
76.0,218,HERDER Philipp,GER,5.2,7.566,,12.765999999999998,7.565999999999998,hb
77.0,341,VEFIC Petar,SRB,4.3,8.433,,12.733,8.433,hb
78.0,227,TANTALIDIS Antonios,GRE,4.5,8.232999999999999,,12.733,8.233,hb
79.0,206,CUNNINGHAM Dominick,GBR,5.1,7.632999999999999,,12.733,7.633000000000001,hb
80.0,162,LUGO Didier,COL,6.0,6.733,,12.733,6.7330000000000005,hb
81.0,202,FRASCA Loris,FRA,5.1,7.6,,12.7,7.6,hb
81.0,358,HSU Ping Chien,TPE,5.1,7.6,,12.7,7.6,hb
83.0,253,SHATILOV Alexander,ISR,5.6,7.1,,12.7,7.1,hb
84.0,115,MORGANS Mitchell,AUS,5.6,7.066,,12.666,7.066000000000001,hb
85.0,349,MICHNAK Slavomir,SVK,4.4,8.232999999999999,,12.633,8.232999999999999,hb
86.0,186,CHIRIBOGA Israel,ECU,4.5,8.133,,12.633,8.133,hb
87.0,114,MASON STEPHENS Clay,AUS,4.8,7.832999999999998,,12.633,7.832999999999999,hb
88.0,359,LEE Chih Kai,TPE,4.9,7.7,,12.6,7.699999999999999,hb
89.0,339,JURKOVIC Nikola,SRB,5.0,7.6,,12.6,7.6,hb
90.0,121,SCHWAB Matthias,AUT,5.1,7.5,,12.6,7.5,hb
91.0,131,KUAVITA Noah,BEL,5.7,6.9,,12.6,6.8999999999999995,hb
92.0,222,CHATZIEFSTATHIOU Georgios Christos,GRE,4.3,8.266,,12.566,8.266000000000002,hb
93.0,179,RADOVESNICKY Daniel,CZE,4.9,7.666,,12.566,7.666,hb
94.0,193,CARD Franz,FIN,4.5,8.033,,12.533,8.033,hb
95.0,309,KOUDINOV Mikhail,NZL,4.9,7.632999999999999,,12.533,7.632999999999999,hb
96.0,324,BATAGA Cristian Ioan,ROU,5.1,7.433,,12.533,7.433,hb
97.0,260,SARRUGERIO Marco,ITA,4.6,7.9,,12.5,7.9,hb
97.0,322,ALDYANI Ahmed,QAT,4.6,7.9,,12.5,7.9,hb
99.0,316,ALMEIDA Bernardo,POR,4.9,7.6,,12.5,7.6,hb
100.0,291,NUNEZ Isaac,MEX,5.1,7.366,,12.466,7.366,hb
101.0,301,HEGGEMSNES Sofus,NOR,4.1,8.333,,12.433,8.333,hb
102.0,241,STEELE Adam,IRL,4.5,7.933,,12.433,7.933,hb
103.0,380,MOLDAUER Yul,USA,5.0,7.433,,12.433,7.433,hb
104.0,391,PHAM Phuoc Hung,VIE,4.4,8.0,,12.4,8.0,hb
105.0,366,ARICAN Ferhat,TUR,5.2,7.2,,12.4,7.2,hb
106.0,274,AZIZOV Ilyas,KAZ,4.1,8.266,,12.366,8.266,hb
107.0,376,VERNIAIEV Oleg,UKR,4.9,7.466,,12.366,7.465999999999999,hb
108.0,254,SOROKINE Michael,ISR,5.1,7.266,,12.366,7.266,hb
109.0,196,KOSKI Elias,FIN,4.4,7.933,,12.333,7.933,hb
110.0,360,SHIAO Yu-Jan,TPE,4.0,8.3,,12.3,8.3,hb
111.0,119,KRANZLMUELLER Lukas,AUT,4.3,8.0,,12.3,8.0,hb
111.0,306,DICK Ethan,NZL,4.3,8.0,,12.3,8.0,hb
113.0,287,TVOROGAL Robert,LTU,5.3,7.0,,12.3,7.000000000000001,hb
114.0,353,RUMBUTIS David,SWE,4.2,8.066,,12.265999999999998,8.065999999999999,hb
115.0,328,KOTRONG Adelin,ROU,4.4,7.866,,12.265999999999998,7.865999999999998,hb
116.0,375,VASYLENKO Maksym,UKR,5.3,6.966,,12.265999999999998,6.965999999999998,hb
117.0,282,LEE Junho,KOR,5.5,6.766,,12.265999999999998,6.765999999999998,hb
118.0,389,DINH Phuong Thanh,VIE,5.2,7.033,,12.233,7.033,hb
119.0,205,BEVAN Brinn,GBR,5.5,6.733,,12.233,6.7330000000000005,hb
120.0,135,ANTROPAU Raman,BLR,4.8,7.4,,12.2,7.3999999999999995,hb
121.0,320,RI Yong Min,PRK,5.4,6.8,,12.2,6.799999999999999,hb
122.0,104,MAYOL Santiago,ARG,4.5,7.666,,12.166,7.666,hb
123.0,261,BECKFORD Reiss,JAM,4.8,7.366,,12.166,7.3660000000000005,hb
124.0,308,ELLIS Kyleab,NZL,4.1,8.033,,12.133,8.033,hb
125.0,107,DAVTYAN Artur,ARM,4.3,7.832999999999998,,12.133,7.832999999999999,hb
126.0,317,HAN Jong Hyok,PRK,6.0,6.132999999999999,,12.133,6.132999999999999,hb
127.0,134,VROLIX Jonathan,BEL,4.0,8.066,,12.066,8.066,hb
127.0,354,VANSTROEM Kim,SWE,4.0,8.066,,12.066,8.066,hb
129.0,139,TSIARESHCHANKA Kiryl,BLR,4.7,7.366,,12.066,7.3660000000000005,hb
130.0,338,DEJANOVIC Bojan,SRB,4.0,8.0,,12.0,8.0,hb
131.0,137,SANUVONH Dzianis,BLR,4.8,7.2,,12.0,7.2,hb
132.0,259,RUSSO Andrea,ITA,5.0,7.0,,12.0,7.0,hb
133.0,369,ONDER Ahmet,TUR,5.1,6.9,,12.0,6.9,hb
134.0,170,UDE Filip,CRO,4.2,7.766,,11.966,7.765999999999999,hb
135.0,250,KORCHAK Ilan,ISR,4.5,7.466,,11.966,7.465999999999999,hb
136.0,305,WIBYE Harald,NOR,4.6,7.332999999999998,,11.933,7.333,hb
137.0,220,NGUYEN Marcel,GER,5.5,6.433,,11.933,6.433,hb
138.0,352,LIDBECK Filip,SWE,3.7,8.2,,11.9,8.2,hb
139.0,304,STIANSEN Henrik,NOR,4.1,7.8,,11.9,7.800000000000001,hb
140.0,129,GENTGES Maxime,BEL,4.9,7.3,-0.3,11.9,7.0,hb
141.0,113,COSTIN Scott,AUS,3.8,8.0,,11.8,8.0,hb
142.0,189,MIR Nicolau,ESP,4.7,7.1,,11.8,7.1000000000000005,hb
143.0,318,HAN Chung Hyo,PRK,5.1,6.7,,11.8,6.700000000000001,hb
144.0,221,TOBA Andreas,GER,5.6,6.2,,11.8,6.200000000000001,hb
145.0,214,JIMSHELEISHVILI Ioane,GEO,4.2,7.532999999999999,,11.733,7.533,hb
146.0,292,RAZO PADILLA Patricio,MEX,4.4,7.332999999999998,,11.733,7.333,hb
147.0,177,CERNY Frantisek,CZE,4.7,7.033,,11.733,7.033,hb
148.0,278,MUSSAYEV Akim,KAZ,4.4,7.3,,11.7,7.299999999999999,hb
149.0,105,MOLINARI Federico,ARG,4.6,7.1,,11.7,7.1,hb
150.0,367,COLAK Ibrahim,TUR,4.9,6.8,,11.7,6.799999999999999,hb
151.0,284,PARK Minsoo,KOR,5.4,6.3,,11.7,6.299999999999999,hb
152.0,215,KUZOVKOV Konstantin,GEO,3.7,7.966,,11.666,7.966,hb
153.0,327,SZABO Rafael,ROU,3.9,7.766,,11.666,7.766,hb
154.0,127,SIMONOV Nikita,AZE,4.6,7.066,,11.666,7.066000000000001,hb
155.0,109,KHACHATRYAN Vigen,ARM,4.0,7.632999999999999,,11.633,7.632999999999999,hb
155.0,357,SURINTORNTA Tikumporn,THA,4.0,7.632999999999999,,11.633,7.632999999999999,hb
157.0,383,ABDURAKHIMOV Rasuljon,UZB,4.3,7.332999999999998,,11.633,7.332999999999999,hb
158.0,315,ALMEIDA Simao,POR,4.4,7.2,,11.6,7.199999999999999,hb
159.0,307,DYSON Devy,NZL,4.7,6.9,,11.6,6.8999999999999995,hb
160.0,312,LEON PRADO Arian,PER,4.0,7.582999999999998,,11.583,7.583,hb
161.0,213,GOVOROV Dmitrii,GEO,3.9,7.666,,11.566,7.666,hb
162.0,313,YULO Carlos Edriel,PHI,5.2,6.3660000000000005,,11.566,6.3660000000000005,hb
163.0,289,LOO Phay Xing,MAS,4.0,7.532999999999999,,11.533,7.5329999999999995,hb
164.0,122,SEREINIG Fabio,AUT,4.8,6.733,,11.533,6.733,hb
165.0,392,PHAN Ngoc Hung,VIE,3.9,7.6,,11.5,7.6,hb
166.0,384,ABDUSAMATOV Khusniddin,UZB,4.5,7.0,,11.5,7.0,hb
167.0,385,AZIMOV Abdulla,UZB,4.3,7.166,,11.466,7.1659999999999995,hb
168.0,262,FAULK Caleb,JAM,4.5,6.966,,11.466,6.965999999999999,hb
169.0,263,LEWIS Stephen,JAM,3.9,7.55,,11.45,7.549999999999999,hb
170.0,142,de SOUZA BITENCOURT Lucas,BRA,5.6,5.8,,11.4,5.800000000000001,hb
171.0,267,NAGHOUJ Saleem,JOR,3.8,7.566,,11.366,7.566,hb
172.0,212,ARSENIEV Vitalii,GEO,4.0,7.366,,11.366,7.366,hb
173.0,163,MARTINEZ MORENO Andres,COL,4.7,6.666,,11.366,6.6659999999999995,hb
174.0,124,AGHARZAYEV Murad,AZE,4.6,6.733,,11.333,6.7330000000000005,hb
175.0,176,KYRIAKOU Neofytos,CYP,3.2,8.1,,11.3,8.100000000000001,hb
176.0,181,SOLOVJEV Svjatoslav,CZE,4.0,7.3,,11.3,7.300000000000001,hb
177.0,246,BALDURSSON Eythor,ISL,3.4,7.866,,11.265999999999998,7.865999999999998,hb
178.0,243,AL-DULAIMI Yasir,IRQ,4.2,6.966,,11.166,6.966,hb
179.0,321,RI Wi Chol,PRK,4.7,6.466,,11.166,6.466,hb
180.0,146,ALEKSANDROV Yordan,BUL,4.6,6.5,,11.1,6.5,hb
181.0,247,GUNNARSSON Jon,ISL,3.6,7.4,,11.0,7.4,hb
182.0,356,PROMMANEE Jamorn,THA,3.7,7.3,,11.0,7.3,hb
183.0,184,WINTHER Joachim,DEN,4.6,6.4,,11.0,6.4,hb
184.0,175,KRASIAS Michalis,CYP,4.4,6.533,,10.933,6.5329999999999995,hb
185.0,340,PAUNOVIC Milos,SRB,4.6,6.332999999999998,,10.933,6.333,hb
186.0,103,JATO Julian,ARG,3.9,6.766,,10.666,6.766,hb
187.0,336,TAY Wei An Terry,SGP,3.5,6.9,,10.4,6.9,hb
188.0,293,ROJO Francisco,MEX,4.5,5.9,,10.4,5.9,hb
189.0,165,VARGAS Erick,COL,4.9,5.5,,10.4,5.5,hb
190.0,125,BAIRAMOV Timur,AZE,4.2,6.166,,10.366,6.1659999999999995,hb
191.0,290,de LUNA Fabian,MEX,4.2,6.1,,10.3,6.1000000000000005,hb
192.0,314,AGUIAR BARBOSA Petrix Stevan,POR,4.4,5.8,,10.2,5.799999999999999,hb
193.0,248,REINHARDSSON Valgard,ISL,4.1,5.666,,9.766,5.666,hb
194.0,387,TOSHPULATOV Bobur,UZB,4.6,5.166,,9.766,5.166,hb
195.0,111,TOVMASYAN Artur,ARM,2.8,6.332999999999998,,9.133,6.332999999999999,hb
196.0,323,MOSA Ahmed,QAT,4.2,4.8,,9.0,4.8,hb
197.0,178,PONIZIL Daniel,CZE,1.9,6.3660000000000005,-4.0,4.266,2.366,hb
1.0,331,DALALOYAN Artur,RUS,6.2,8.633,,14.833,8.633,fx
2.0,269,SHIRAI Kenzo,JPN,6.8,8.033,,14.833,8.033000000000001,fx
3.0,334,NAGORNYY Nikita,RUS,6.4,8.4,,14.8,8.4,fx
4.0,313,YULO Carlos Edriel,PHI,6.2,8.566,,14.765999999999998,8.565999999999999,fx
5.0,369,ONDER Ahmet,TUR,6.0,8.533,,14.533,8.533,fx
6.0,380,MOLDAUER Yul,USA,5.8,8.633,,14.433,8.633,fx
7.0,249,DOLGOPYAT Artem,ISR,6.4,8.0,,14.4,8.0,fx
8.0,268,KAYA Kazuma,JPN,5.7,8.633,,14.333,8.633,fx
8.0,378,MIKULAK Samuel,USA,5.7,8.633,,14.333,8.633,fx
10.0,208,HALL James,GBR,5.9,8.433,,14.333,8.433,fx
11.0,345,GISCHARD Benjamin,SUI,6.0,8.232999999999999,,14.232999999999999,8.232999999999999,fx
12.0,202,FRASCA Loris,FRA,5.9,8.3,,14.2,8.299999999999999,fx
13.0,299,SCHMIDT Casimir,NED,6.0,8.2,,14.2,8.2,fx
14.0,157,XIAO Ruoteng,CHN,6.1,8.1,,14.2,8.1,fx
14.0,280,KIM Hansol,KOR,6.1,8.1,,14.2,8.1,fx
16.0,154,DENG Shudi,CHN,5.9,8.366,-0.1,14.165999999999999,8.265999999999998,fx
17.0,276,KARIMI Milad,KAZ,5.8,8.366,,14.165999999999999,8.366,fx
18.0,220,NGUYEN Marcel,GER,6.1,8.066,,14.165999999999999,8.065999999999999,fx
19.0,206,CUNNINGHAM Dominick,GBR,6.0,8.116,,14.116,8.116,fx
20.0,361,TANG Chia-Hung,TPE,6.1,8.1,-0.1,14.1,8.0,fx
21.0,192,ZAPATA Rayderley,ESP,6.4,8.0,-0.3,14.1,7.699999999999999,fx
22.0,344,BRAEGGER Pablo,SUI,5.6,8.466000000000001,,14.065999999999999,8.466,fx
23.0,134,VROLIX Jonathan,BEL,5.9,8.166,,14.065999999999999,8.165999999999999,fx
24.0,153,GONZALEZ Tomas,CHI,6.1,7.966,,14.065999999999999,7.965999999999999,fx
25.0,303,SKJERAHAUG Stian,NOR,5.4,8.633,,14.033,8.633,fx
26.0,272,TANIGAWA Wataru,JPN,5.9,8.133,,14.033,8.133,fx
27.0,143,MARIANO Arthur,BRA,5.6,8.466000000000001,-0.1,13.966,8.366,fx
28.0,131,KUAVITA Noah,BEL,5.5,8.466000000000001,,13.966,8.466,fx
29.0,282,LEE Junho,KOR,5.8,8.166,,13.966,8.166,fx
29.0,375,VASYLENKO Maksym,UKR,5.8,8.166,,13.966,8.166,fx
31.0,209,WHITLOCK Max,GBR,5.9,8.066,,13.966,8.065999999999999,fx
32.0,381,van WICKLEN Colin,USA,5.5,8.433,,13.933,8.433,fx
33.0,359,LEE Chih Kai,TPE,5.8,8.133,,13.933,8.133,fx
34.0,325,DRAGULESCU Marian,ROU,5.5,8.4,,13.9,8.4,fx
35.0,333,LANKIN Dmitrii,RUS,6.1,8.1,-0.3,13.9,7.800000000000001,fx
36.0,198,SAARENKETO Heikki,FIN,6.0,8.0,-0.1,13.9,7.9,fx
37.0,172,LERU Randy,CUB,5.9,8.0,,13.9,8.0,fx
38.0,195,KIRMES Oskar,FIN,5.5,8.366,,13.866,8.366,fx
39.0,203,GOBAUX Julien,FRA,5.8,8.133,-0.1,13.833,8.033000000000001,fx
40.0,189,MIR Nicolau,ESP,5.7,8.133,,13.833,8.133,fx
41.0,149,MORGAN Scott,CAN,5.9,7.933,,13.833,7.933,fx
42.0,352,LIDBECK Filip,SWE,5.1,8.708,,13.808,8.708,fx
43.0,270,TANAKA Yusuke,JPN,5.1,8.966000000000001,-0.3,13.765999999999998,8.665999999999999,fx
44.0,376,VERNIAIEV Oleg,UKR,5.7,8.066,,13.765999999999998,8.065999999999999,fx
45.0,129,GENTGES Maxime,BEL,5.2,8.533,,13.732999999999999,8.532999999999998,fx
46.0,367,COLAK Ibrahim,TUR,5.3,8.433,,13.732999999999999,8.433,fx
47.0,205,BEVAN Brinn,GBR,5.9,8.133,-0.3,13.732999999999999,7.832999999999998,fx
48.0,128,TIKHONOV Ivan,AZE,5.5,8.208,,13.708,8.208,fx
49.0,286,KUZMICKAS Tomas,LTU,5.3,8.4,,13.7,8.399999999999999,fx
50.0,137,SANUVONH Dzianis,BLR,5.4,8.3,,13.7,8.299999999999999,fx
51.0,173,GEORGIOU Marios,CYP,5.5,8.2,,13.7,8.2,fx
51.0,284,PARK Minsoo,KOR,5.5,8.2,,13.7,8.2,fx
51.0,296,DEURLOO Bart,NED,5.5,8.2,,13.7,8.2,fx
54.0,187,ABAD Nestor,ESP,5.8,8.0,-0.1,13.7,7.8999999999999995,fx
55.0,107,DAVTYAN Artur,ARM,5.5,8.166,,13.665999999999999,8.165999999999999,fx
56.0,148,COURNOYER Rene,CAN,5.6,8.066,,13.665999999999999,8.065999999999999,fx
57.0,298,RIJKEN Frank,NED,5.1,8.6,-0.1,13.6,8.5,fx
58.0,357,SURINTORNTA Tikumporn,THA,5.5,8.2,-0.1,13.6,8.1,fx
59.0,201,DEGOUY Paul,FRA,5.4,8.2,,13.6,8.2,fx
59.0,302,KALVOE Odin,NOR,5.4,8.2,,13.6,8.2,fx
61.0,274,AZIZOV Ilyas,KAZ,5.3,8.266,,13.565999999999999,8.265999999999998,fx
61.0,360,SHIAO Yu-Jan,TPE,5.3,8.266,,13.565999999999999,8.265999999999998,fx
63.0,346,HEGI Oliver,SUI,5.5,8.066,,13.565999999999999,8.065999999999999,fx
64.0,196,KOSKI Elias,FIN,5.3,8.232999999999999,,13.533,8.233,fx
65.0,144,SOUZA Caio,BRA,5.5,8.033,,13.533,8.033,fx
66.0,178,PONIZIL Daniel,CZE,4.9,8.6,,13.5,8.6,fx
67.0,190,LOPEZ Ruben,ESP,5.5,8.3,-0.3,13.5,8.0,fx
68.0,126,MOROZOV Dariy,AZE,5.5,8.1,-0.1,13.5,8.0,fx
69.0,311,AGUERO Daniel,PER,5.4,8.1,,13.5,8.1,fx
69.0,329,MUNTEAN Andrei Vasile,ROU,5.4,8.1,,13.5,8.1,fx
71.0,328,KOTRONG Adelin,ROU,5.7,7.8,,13.5,7.8,fx
72.0,354,VANSTROEM Kim,SWE,5.5,8.266,-0.3,13.466,7.965999999999999,fx
73.0,306,DICK Ethan,NZL,5.3,8.166,,13.466,8.166,fx
74.0,308,ELLIS Kyleab,NZL,5.6,7.8660000000000005,,13.466,7.866,fx
75.0,114,MASON STEPHENS Clay,AUS,5.5,8.033,-0.1,13.433,7.933,fx
76.0,233,BONCSER Krisztian,HUN,5.9,7.832999999999999,-0.3,13.433,7.5329999999999995,fx
77.0,383,ABDURAKHIMOV Rasuljon,UZB,5.0,8.4,,13.4,8.4,fx
78.0,353,RUMBUTIS David,SWE,5.3,8.066,,13.366,8.065999999999999,fx
79.0,256,EDALLI Ludovico,ITA,5.1,8.232999999999999,,13.333,8.233,fx
80.0,278,MUSSAYEV Akim,KAZ,5.2,8.133,,13.333,8.133,fx
80.0,301,HEGGEMSNES Sofus,NOR,5.2,8.133,,13.333,8.133,fx
82.0,293,ROJO Francisco,MEX,5.6,7.832999999999999,-0.1,13.333,7.7330000000000005,fx
83.0,138,SHARAMKOU Yahor,BLR,6.1,7.632999999999999,-0.4,13.333,7.2330000000000005,fx
84.0,349,MICHNAK Slavomir,SVK,4.8,8.5,,13.3,8.5,fx
85.0,183,RIISBERG Christian,DEN,5.3,8.0,,13.3,8.0,fx
85.0,366,ARICAN Ferhat,TUR,5.3,8.0,,13.3,8.0,fx
87.0,216,DAUSER Lukas,GER,5.2,8.066,,13.265999999999998,8.065999999999999,fx
88.0,142,de SOUZA BITENCOURT Lucas,BRA,5.7,7.566,,13.265999999999998,7.565999999999998,fx
89.0,179,RADOVESNICKY Daniel,CZE,4.9,8.333,,13.232999999999999,8.332999999999998,fx
90.0,363,YU Chao Wei,TPE,4.8,8.4,,13.2,8.399999999999999,fx
91.0,109,KHACHATRYAN Vigen,ARM,5.0,8.2,,13.2,8.2,fx
92.0,113,COSTIN Scott,AUS,5.1,8.1,,13.2,8.1,fx
93.0,260,SARRUGERIO Marco,ITA,5.2,8.0,,13.2,7.999999999999999,fx
93.0,275,JANTYKOV Yerbol,KAZ,5.2,8.0,,13.2,7.999999999999999,fx
95.0,320,RI Yong Min,PRK,5.3,7.9,,13.2,7.8999999999999995,fx
96.0,156,SUN Wei,CHN,5.5,7.7,,13.2,7.699999999999999,fx
97.0,103,JATO Julian,ARG,5.0,8.166,,13.165999999999999,8.165999999999999,fx
97.0,289,LOO Phay Xing,MAS,5.0,8.166,,13.165999999999999,8.165999999999999,fx
99.0,234,KARDOS Botond,HUN,5.4,7.766,,13.165999999999999,7.765999999999998,fx
100.0,348,YUSOF Eddy,SUI,5.3,7.933,-0.1,13.133,7.832999999999999,fx
101.0,150,PATERSON Cory,CAN,5.3,7.832999999999999,,13.133,7.832999999999999,fx
101.0,261,BECKFORD Reiss,JAM,5.3,7.832999999999999,,13.133,7.832999999999999,fx
103.0,199,BORELLO Antoine,FRA,5.0,8.1,,13.1,8.1,fx
104.0,227,TANTALIDIS Antonios,GRE,5.5,7.9,-0.3,13.1,7.6,fx
105.0,186,CHIRIBOGA Israel,ECU,4.7,8.366,,13.065999999999999,8.366,fx
106.0,145,ZANETTI Arthur,BRA,5.8,7.566,-0.3,13.065999999999999,7.265999999999999,fx
107.0,161,CALVO MORENO Jossimar Orlando,COL,5.6,7.566,-0.1,13.065999999999999,7.465999999999999,fx
108.0,106,VILLAFANE Daniel,ARG,5.6,7.466,,13.065999999999999,7.465999999999999,fx
109.0,116,REMKES Christopher,AUS,6.2,6.8660000000000005,,13.065999999999999,6.865999999999999,fx
110.0,152,ZAKUTNEY Samuel,CAN,5.3,7.733,,13.033,7.733,fx
111.0,136,LIKHOVITSKIY Andrey,BLR,4.8,8.5,-0.3,13.0,8.2,fx
112.0,297,LOUWIJE Bram,NED,4.8,8.2,,13.0,8.2,fx
113.0,307,DYSON Devy,NZL,4.9,8.1,,13.0,8.1,fx
114.0,104,MAYOL Santiago,ARG,5.1,7.9,,13.0,7.9,fx
114.0,314,AGUIAR BARBOSA Petrix Stevan,POR,5.1,7.9,,13.0,7.9,fx
116.0,257,LODADIO Marco,ITA,5.4,7.6,,13.0,7.6,fx
116.0,290,de LUNA Fabian,MEX,5.4,7.6,,13.0,7.6,fx
118.0,393,IDESJOE Karl,SWE,4.8,8.166,,12.966,8.166,fx
119.0,253,SHATILOV Alexander,ISR,5.6,7.666,-0.3,12.966,7.366,fx
120.0,309,KOUDINOV Mikhail,NZL,5.1,7.832999999999999,,12.933,7.833,fx
121.0,155,LIN Chaopan,CHN,6.0,7.233,-0.3,12.933,6.933,fx
122.0,389,DINH Phuong Thanh,VIE,4.7,8.2,,12.9,8.2,fx
123.0,235,SHEPPARD Ryan Macleod,HUN,5.1,7.8,,12.9,7.800000000000001,fx
124.0,102,CORDOBA Nicolas,ARG,4.4,8.466000000000001,,12.866,8.466,fx
125.0,135,ANTROPAU Raman,BLR,4.9,8.066,-0.1,12.866,7.965999999999999,fx
126.0,223,ILIOPOULOS Nikolaos,GRE,4.7,8.133,,12.833,8.133,fx
126.0,339,JURKOVIC Nikola,SRB,4.7,8.133,,12.833,8.133,fx
128.0,120,KRANZLMUELLER Severin,AUT,4.1,8.633,,12.732999999999999,8.633,fx
129.0,391,PHAM Phuoc Hung,VIE,4.6,8.133,,12.732999999999999,8.133,fx
130.0,387,TOSHPULATOV Bobur,UZB,4.8,7.933,,12.732999999999999,7.932999999999999,fx
131.0,259,RUSSO Andrea,ITA,4.8,7.9,,12.7,7.8999999999999995,fx
132.0,382,YODER Alec,USA,5.3,7.666,-0.3,12.665999999999999,7.365999999999999,fx
133.0,211,ABESADZE Saba,GEO,5.1,7.666,-0.1,12.665999999999999,7.565999999999999,fx
134.0,215,KUZOVKOV Konstantin,GEO,5.0,7.666,,12.665999999999999,7.665999999999999,fx
135.0,181,SOLOVJEV Svjatoslav,CZE,4.8,8.133,-0.3,12.633,7.832999999999999,fx
136.0,374,RADIVILOV Igor,UKR,5.4,7.832999999999999,-0.6,12.633,7.232999999999999,fx
137.0,319,RI Se Gwang,PRK,5.0,7.566,,12.565999999999999,7.565999999999999,fx
138.0,342,VELICKOVIC Petar,SRB,5.2,7.3660000000000005,,12.565999999999999,7.365999999999999,fx
139.0,146,ALEKSANDROV Yordan,BUL,4.7,7.832999999999999,,12.533,7.832999999999999,fx
140.0,385,AZIMOV Abdulla,UZB,5.2,7.733,-0.4,12.533,7.332999999999999,fx
141.0,292,RAZO PADILLA Patricio,MEX,5.0,7.5329999999999995,,12.533,7.5329999999999995,fx
142.0,263,LEWIS Stephen,JAM,5.1,7.4,,12.5,7.4,fx
143.0,330,BELYAVSKIY David,RUS,5.7,6.8,,12.5,6.8,fx
144.0,175,KRASIAS Michalis,CYP,4.8,7.8660000000000005,-0.2,12.466,7.6659999999999995,fx
145.0,390,le Thanh Tung,VIE,4.6,7.8660000000000005,,12.466,7.866,fx
146.0,294,VALLE Joshua,MEX,4.7,7.766,,12.466,7.765999999999999,fx
147.0,305,WIBYE Harald,NOR,5.2,7.266,,12.466,7.265999999999999,fx
148.0,218,HERDER Philipp,GER,5.8,6.766,-0.1,12.466,6.6659999999999995,fx
149.0,160,CALVO Carlos,COL,5.2,7.5329999999999995,-0.3,12.433,7.233,fx
150.0,108,DAVTYAN Vahagn,ARM,4.0,8.708,-0.3,12.408,8.408,fx
151.0,341,VEFIC Petar,SRB,4.5,7.9,,12.4,7.9,fx
151.0,355,ALSOULIMAN Yazan,SYR,4.5,7.9,,12.4,7.9,fx
153.0,224,KRANITIS Nikolaos,GRE,5.3,7.266,-0.2,12.366,7.066,fx
154.0,315,ALMEIDA Simao,POR,5.0,7.632999999999999,-0.3,12.333,7.333,fx
155.0,170,UDE Filip,CRO,3.9,8.7,-0.3,12.3,8.4,fx
156.0,163,MARTINEZ MORENO Andres,COL,5.5,6.8660000000000005,-0.1,12.265999999999998,6.765999999999998,fx
157.0,240,SMITH Andrew,IRL,4.8,7.733,-0.3,12.232999999999999,7.432999999999999,fx
158.0,267,NAGHOUJ Saleem,JOR,4.5,7.8,-0.1,12.2,7.699999999999999,fx
159.0,327,SZABO Rafael,ROU,4.8,7.4,,12.2,7.3999999999999995,fx
160.0,165,VARGAS Erick,COL,5.0,7.2,,12.2,7.199999999999999,fx
161.0,386,KHAMROKULOV Akobir,UZB,4.6,7.666,-0.1,12.165999999999999,7.565999999999999,fx
162.0,121,SCHWAB Matthias,AUT,5.2,6.8660000000000005,,12.065999999999999,6.865999999999999,fx
163.0,241,STEELE Adam,IRL,5.0,7.332999999999999,-0.3,12.033,7.0329999999999995,fx
164.0,254,SOROKINE Michael,ISR,4.8,7.233,,12.033,7.233,fx
165.0,226,PETROUNIAS Eleftherios,GRE,5.1,6.933,,12.033,6.933,fx
166.0,365,ARCA Mustafa,TUR,5.4,6.632999999999999,,12.033,6.632999999999999,fx
167.0,262,FAULK Caleb,JAM,4.8,7.2,,12.0,7.2,fx
168.0,248,REINHARDSSON Valgard,ISL,5.3,7.3660000000000005,-0.7,11.966,6.6659999999999995,fx
169.0,132,van den KEYBUS Luka,BEL,5.4,6.566,,11.966,6.565999999999999,fx
170.0,338,DEJANOVIC Bojan,SRB,4.9,7.0,,11.9,7.0,fx
171.0,176,KYRIAKOU Neofytos,CYP,4.7,7.1,,11.8,7.1000000000000005,fx
172.0,193,CARD Franz,FIN,4.1,7.666,,11.765999999999998,7.665999999999999,fx
173.0,212,ARSENIEV Vitalii,GEO,4.0,7.7410000000000005,,11.741,7.741,fx
174.0,174,GEORGIOU Ilias,CYP,4.8,7.2,-0.3,11.7,6.8999999999999995,fx
175.0,119,KRANZLMUELLER Lukas,AUT,4.2,7.466,,11.665999999999999,7.465999999999998,fx
176.0,392,PHAN Ngoc Hung,VIE,4.1,7.632999999999999,-0.1,11.633,7.5329999999999995,fx
177.0,177,CERNY Frantisek,CZE,5.3,6.4,-0.1,11.6,6.3,fx
178.0,228,VEGA LOPEZ Jorge,GUA,5.9,5.666,,11.565999999999999,5.665999999999999,fx
179.0,287,TVOROGAL Robert,LTU,4.9,6.632999999999999,,11.533,6.632999999999999,fx
180.0,242,AL-DELFI Azeez,IRQ,4.4,7.1,,11.5,7.1,fx
181.0,169,SRBIC Tin,CRO,3.5,8.266,-0.3,11.466,7.965999999999999,fx
182.0,312,LEON PRADO Arian,PER,3.9,7.566,,11.466,7.565999999999999,fx
183.0,281,LEE Hyeokjung,KOR,5.3,6.166,,11.466,6.1659999999999995,fx
184.0,371,HRYKO Vladyslav,UKR,5.4,6.066,,11.466,6.065999999999999,fx
185.0,316,ALMEIDA Bernardo,POR,4.8,6.933,-0.3,11.433,6.633,fx
186.0,122,SEREINIG Fabio,AUT,4.6,6.832999999999999,,11.433,6.833,fx
187.0,171,LARDUET Manrique,CUB,4.9,6.9,-0.4,11.4,6.5,fx
188.0,321,RI Wi Chol,PRK,5.3,6.332999999999999,-0.3,11.333,6.033,fx
189.0,219,KLESSING Nick,GER,5.5,5.9,-0.1,11.3,5.800000000000001,fx
190.0,246,BALDURSSON Eythor,ISL,4.9,6.3660000000000005,,11.265999999999998,6.365999999999998,fx
191.0,356,PROMMANEE Jamorn,THA,4.5,6.5329999999999995,,11.033,6.5329999999999995,fx
192.0,214,JIMSHELEISHVILI Ioane,GEO,4.7,6.566,-0.3,10.966,6.265999999999999,fx
193.0,166,KOVACEVIC Anton,CRO,2.7,8.5,-0.3,10.9,8.2,fx
194.0,322,ALDYANI Ahmed,QAT,4.8,6.4,-0.4,10.8,6.000000000000001,fx
195.0,124,AGHARZAYEV Murad,AZE,5.3,5.666,-0.4,10.565999999999999,5.265999999999999,fx
196.0,323,MOSA Ahmed,QAT,4.3,6.2,,10.5,6.2,fx
197.0,125,BAIRAMOV Timur,AZE,3.9,6.5329999999999995,,10.433,6.5329999999999995,fx
198.0,318,HAN Chung Hyo,PRK,2.7,6.566,,9.266,6.566,fx
199.0,336,TAY Wei An Terry,SGP,4.1,5.166,-0.2,9.066,4.966000000000001,fx
200.0,244,AL-DULAIMI Abdullah,IRQ,3.6,4.033,-0.2,7.433,3.8329999999999997,fx
